PitchNo,Date,Time,Pitcher,PitcherId,PitcherThrows,PitcherTeam,PitcherSet,TaggedPitchType,PitchSession,Flag,RelSpeed,VertRelAngle,HorzRelAngle,SpinRate,SpinAxis,Tilt,RelHeight,RelSide,Extension,VertBreak,InducedVertBreak,HorzBreak,PlateLocHeight,PlateLocSide,ZoneSpeed,VertApprAngle,HorzApprAngle,ZoneTime,pfxx,pfxz,x0,y0,z0,vx0,vy0,vz0,ax0,ay0,az0,PlayID,CalibrationId,EffVelocity,PracticeType,Device,Direction,BatterId,Batter,HitSpinRate,HitType,ExitSpeed,BatterSide,Angle,PositionAt110X,PositionAt110Y,PositionAt110Z,Distance,LastTrackedDistance,HangTime,Bearing,ContactPositionX,ContactPositionY,ContactPositionZ,SpinAxis3dTransverseAngle,SpinAxis3dLongitudinalAngle,SpinAxis3dActiveSpinRate,SpinAxis3dSpinEfficiency,SpinAxis3dTilt
1,2025-12-13,13:56:08,NA,NA,NA,NA,NA,NA,Live,NA,NA,NA,NA,NA,NA,NA,NA,NA,NA,NA,NA,NA,NA,NA,NA,NA,NA,NA,NA,NA,NA,NA,NA,NA,NA,NA,NA,NA,NA,af1a1a59-4268-4983-98d5-a3074f49bf1d,780f700c-5e7f-49cc-9e75-b72f0f069ad5,NA,Hitting,23360087,28.18168813,1000503081,"Zink, Brandon",4007.45405,FlyBall,79.71736,Right,27.38166023,NA,NA,NA,229.6423,38.25271,3.119535134,40.99665377,1.6794,2.64691,0.17907,NA,NA,NA,NA,NA
2,2025-12-13,13:56:44,NA,NA,NA,NA,NA,NA,Live,NA,NA,NA,NA,NA,NA,NA,NA,NA,NA,NA,NA,NA,NA,NA,NA,NA,NA,NA,NA,NA,NA,NA,NA,NA,NA,NA,NA,NA,NA,20964dbd-2fd1-461b-a513-05144cc3a6c1,780f700c-5e7f-49cc-9e75-b72f0f069ad5,NA,Hitting,23360087,-1.565497285,1000503103,"Winter, Covin",2893.870712,FlyBall,83.57448,Right,24.86885288,NA,NA,NA,283.11726,46.85171,3.491097358,6.42107109,2.78397,3.02578,0.14292,NA,NA,NA,NA,NA
3,2025-12-13,13:57:03,NA,NA,NA,NA,NA,NA,Live,NA,NA,NA,NA,NA,NA,NA,NA,NA,NA,NA,NA,NA,NA,NA,NA,NA,NA,NA,NA,NA,NA,NA,NA,NA,NA,NA,NA,NA,NA,da53b7fa-d0a2-438b-b236-c9e7bb78d9df,780f700c-5e7f-49cc-9e75-b72f0f069ad5,NA,Hitting,23360087,39.03393553,1000503151,"Hosch, David",3867.235567,LineDrive,69.01161,Right,20.76442029,NA,NA,NA,200.68374,30.80881,2.591599027,38.35366492,NA,NA,NA,NA,NA,NA,NA,NA
4,2025-12-13,13:57:08,NA,NA,NA,NA,NA,NA,Live,NA,NA,NA,NA,NA,NA,NA,NA,NA,NA,NA,NA,NA,NA,NA,NA,NA,NA,NA,NA,NA,NA,NA,NA,NA,NA,NA,NA,NA,NA,096edd62-a47a-4567-b43a-00902240632e,780f700c-5e7f-49cc-9e75-b72f0f069ad5,NA,Hitting,23360087,5.205880192,1000503151,"Hosch, David",3201.024962,FlyBall,80.52807,Right,32.61214552,NA,NA,NA,301.32309,47.0897,4.539681295,7.681270708,2.43565,3.12816,0.28563,NA,NA,NA,NA,NA
5,2025-12-13,13:57:20,NA,NA,NA,NA,NA,NA,Live,NA,NA,NA,NA,NA,NA,NA,NA,NA,NA,NA,NA,NA,NA,NA,NA,NA,NA,NA,NA,NA,NA,NA,NA,NA,NA,NA,NA,NA,NA,996a3864-9135-4f43-972b-d7f0292ce42f,780f700c-5e7f-49cc-9e75-b72f0f069ad5,NA,Hitting,23360087,22.32946706,1000503125,"Nicholson, Aidan",4142.019466,FlyBall,73.33303,Right,27.65995266,NA,NA,NA,241.8888,46.45706,3.573049132,30.70876775,2.62527,3.24952,0.16373,NA,NA,NA,NA,NA
6,2025-12-13,13:57:26,NA,NA,NA,NA,NA,NA,Live,NA,NA,NA,NA,NA,NA,NA,NA,NA,NA,NA,NA,NA,NA,NA,NA,NA,NA,NA,NA,NA,NA,NA,NA,NA,NA,NA,NA,NA,NA,a81821e9-9159-4a26-8134-b45740275c6d,780f700c-5e7f-49cc-9e75-b72f0f069ad5,NA,Hitting,23360087,8.216989984,1000503125,"Nicholson, Aidan",4652.78038,FlyBall,80.86076,Right,37.10013479,NA,NA,NA,281.73336,39.54257,4.923871685,15.58935652,2.14922,3.45211,0.25434,NA,NA,NA,NA,NA
7,2025-12-13,13:57:33,NA,NA,NA,NA,NA,NA,Live,NA,NA,NA,NA,NA,NA,NA,NA,NA,NA,NA,NA,NA,NA,NA,NA,NA,NA,NA,NA,NA,NA,NA,NA,NA,NA,NA,NA,NA,NA,695a789e-c874-412c-8020-88cc3cccdb71,780f700c-5e7f-49cc-9e75-b72f0f069ad5,NA,Hitting,23360087,-9.202787642,1000503125,"Nicholson, Aidan",1764.864209,LineDrive,95.9822,Right,17.86571261,NA,NA,NA,303.23181,47.20308,3.011351885,-6.054575659,2.83561,3.61161,0.15885,NA,NA,NA,NA,NA
8,2025-12-13,13:57:45,NA,NA,NA,NA,NA,NA,Live,NA,NA,NA,NA,NA,NA,NA,NA,NA,NA,NA,NA,NA,NA,NA,NA,NA,NA,NA,NA,NA,NA,NA,NA,NA,NA,NA,NA,NA,NA,bb425bc4-d14a-4cab-9cfe-55b20a5e8607,780f700c-5e7f-49cc-9e75-b72f0f069ad5,NA,Hitting,23360087,4.952418584,1000503136,"Avdem, Dex",3800.478799,Popup,65.16493,Right,50.71899501,NA,NA,NA,208.93229,28.1838,4.339039337,5.476505341,3.37233,3.32681,-0.24183,NA,NA,NA,NA,NA
9,2025-12-13,13:57:50,NA,NA,NA,NA,NA,NA,Live,NA,NA,NA,NA,NA,NA,NA,NA,NA,NA,NA,NA,NA,NA,NA,NA,NA,NA,NA,NA,NA,NA,NA,NA,NA,NA,NA,NA,NA,NA,10e1a4d0-2ac1-46e3-a18f-42b8b4a9802c,780f700c-5e7f-49cc-9e75-b72f0f069ad5,NA,Hitting,23360087,1.616021872,1000503136,"Avdem, Dex",1912.927658,GroundBall,83.2025,Right,-8.620203294,NA,NA,NA,20.42562,20.63458,0.1482011956,2.687828368,2.84217,3.13915,0.41317,NA,NA,NA,NA,NA
10,2025-12-13,13:57:58,NA,NA,NA,NA,NA,NA,Live,NA,NA,NA,NA,NA,NA,NA,NA,NA,NA,NA,NA,NA,NA,NA,NA,NA,NA,NA,NA,NA,NA,NA,NA,NA,NA,NA,NA,NA,NA,614980d9-9f4e-431d-8d24-fd571cd6b68c,780f700c-5e7f-49cc-9e75-b72f0f069ad5,NA,Hitting,23360087,4.671782907,1000503136,"Avdem, Dex",1470.437287,GroundBall,80.54799,Right,-0.943169677,NA,NA,NA,38.00712,40.88257,0.3078262921,4.987974287,NA,NA,NA,NA,NA,NA,NA,NA
11,2025-12-13,13:58:11,NA,NA,NA,NA,NA,NA,Live,NA,NA,NA,NA,NA,NA,NA,NA,NA,NA,NA,NA,NA,NA,NA,NA,NA,NA,NA,NA,NA,NA,NA,NA,NA,NA,NA,NA,NA,NA,04e9ff49-1dd5-4eeb-b7f5-d7e5e8b20e4d,780f700c-5e7f-49cc-9e75-b72f0f069ad5,NA,Hitting,23360087,25.89827377,1000503146,"Kinman, Chance",3651.209549,FlyBall,76.19566,Right,27.09705155,NA,NA,NA,248.27829,40.73164,3.495612649,35.57629325,2.19486,3.09591,0.02948,NA,NA,NA,NA,NA
12,2025-12-13,13:58:22,NA,NA,NA,NA,NA,NA,Live,NA,NA,NA,NA,NA,NA,NA,NA,NA,NA,NA,NA,NA,NA,NA,NA,NA,NA,NA,NA,NA,NA,NA,NA,NA,NA,NA,NA,NA,NA,e294f639-f660-4a7d-adb0-3bf48c2aadd6,780f700c-5e7f-49cc-9e75-b72f0f069ad5,NA,Hitting,23360087,6.866266487,1000503146,"Kinman, Chance",2864.749474,LineDrive,87.08457,Right,18.5320748,NA,NA,NA,288.15654,48.04152,3.260379526,12.16707937,2.45491,2.93441,0.54261,NA,NA,NA,NA,NA
13,2025-12-13,13:58:27,NA,NA,NA,NA,NA,NA,Live,NA,NA,NA,NA,NA,NA,NA,NA,NA,NA,NA,NA,NA,NA,NA,NA,NA,NA,NA,NA,NA,NA,NA,NA,NA,NA,NA,NA,NA,NA,ab4f0397-52f4-4e57-85df-4c97b5d1e7c7,780f700c-5e7f-49cc-9e75-b72f0f069ad5,NA,Hitting,23360087,14.83544463,1000503146,"Kinman, Chance",4596.644847,FlyBall,64.17067,Right,41.77910628,NA,NA,NA,202.75223,35.87989,4.090025658,21.94969458,2.66987,3.01951,0.30502,NA,NA,NA,NA,NA
14,2025-12-13,13:58:39,NA,NA,NA,NA,NA,NA,Live,NA,NA,NA,NA,NA,NA,NA,NA,NA,NA,NA,NA,NA,NA,NA,NA,NA,NA,NA,NA,NA,NA,NA,NA,NA,NA,NA,NA,NA,NA,b994ad4b-5acc-4342-9dbc-204622c54aec,780f700c-5e7f-49cc-9e75-b72f0f069ad5,NA,Hitting,23360087,18.40288378,1000503146,"Kinman, Chance",3663.611426,FlyBall,69.33897,Right,36.51495168,NA,NA,NA,189.60143,41.866,3.368990777,32.06683472,2.08119,3.24412,0.03836,NA,NA,NA,NA,NA
15,2025-12-13,13:58:45,NA,NA,NA,NA,NA,NA,Live,NA,NA,NA,NA,NA,NA,NA,NA,NA,NA,NA,NA,NA,NA,NA,NA,NA,NA,NA,NA,NA,NA,NA,NA,NA,NA,NA,NA,NA,NA,86e1aea2-b202-461b-bfb7-e1750f3c0879,780f700c-5e7f-49cc-9e75-b72f0f069ad5,NA,Hitting,23360087,17.06136734,1000503146,"Kinman, Chance",4347.983971,FlyBall,75.00583,Right,40.90713223,NA,NA,NA,221.82953,37.8383,3.447627959,26.80236518,2.40163,3.44094,0.41405,NA,NA,NA,NA,NA
16,2025-12-13,13:58:51,NA,NA,NA,NA,NA,NA,Live,NA,NA,NA,NA,NA,NA,NA,NA,NA,NA,NA,NA,NA,NA,NA,NA,NA,NA,NA,NA,NA,NA,NA,NA,NA,NA,NA,NA,NA,NA,60400c40-fdda-4bdd-92c7-866fc167a20a,780f700c-5e7f-49cc-9e75-b72f0f069ad5,NA,Hitting,23360087,4.335512677,1000503146,"Kinman, Chance",2770.799374,LineDrive,85.62747,Right,21.20026436,NA,NA,NA,299.13007,47.51696,3.868901666,11.11057691,2.8728,3.07258,0.17568,NA,NA,NA,NA,NA
17,2025-12-13,13:59:15,NA,NA,NA,NA,NA,NA,Live,NA,NA,NA,NA,NA,NA,NA,NA,NA,NA,NA,NA,NA,NA,NA,NA,NA,NA,NA,NA,NA,NA,NA,NA,NA,NA,NA,NA,NA,NA,41c43798-4624-45c5-8321-91ff0443c8a0,780f700c-5e7f-49cc-9e75-b72f0f069ad5,NA,Hitting,23360087,-15.33962666,1000503088,"Erickson, Bradyn",1804.057657,GroundBall,95.59556,Right,4.390707878,NA,NA,NA,71.41842,48.00466,0.536217686,-14.61376102,2.16078,2.91503,0.12985,NA,NA,NA,NA,NA
18,2025-12-13,13:59:41,NA,NA,NA,NA,NA,NA,Live,NA,NA,NA,NA,NA,NA,NA,NA,NA,NA,NA,NA,NA,NA,NA,NA,NA,NA,NA,NA,NA,NA,NA,NA,NA,NA,NA,NA,NA,NA,9e951b1f-7e1a-42ac-a126-15d618515319,780f700c-5e7f-49cc-9e75-b72f0f069ad5,NA,Hitting,23360087,-4.954296779,1000503088,"Erickson, Bradyn",3695.329324,FlyBall,80.32699,Right,43.54395468,NA,NA,NA,227.2,38.29411,4.877472543,10.07117331,2.20092,3.28978,-0.34036,NA,NA,NA,NA,NA
19,2025-12-13,13:59:55,NA,NA,NA,NA,NA,NA,Live,NA,NA,NA,NA,NA,NA,NA,NA,NA,NA,NA,NA,NA,NA,NA,NA,NA,NA,NA,NA,NA,NA,NA,NA,NA,NA,NA,NA,NA,NA,72ff3cea-1b22-43be-a123-2c3d6058bea7,780f700c-5e7f-49cc-9e75-b72f0f069ad5,NA,Hitting,23360087,-4.381070286,1000503088,"Erickson, Bradyn",1118.762901,LineDrive,91.60974,Right,18.96487237,NA,NA,NA,318.62572,47.13134,3.551166104,-0.2490765731,2.05021,3.18426,0.19952,NA,NA,NA,NA,NA
20,2025-12-13,14:00:15,NA,NA,NA,NA,NA,NA,Live,NA,NA,NA,NA,NA,NA,NA,NA,NA,NA,NA,NA,NA,NA,NA,NA,NA,NA,NA,NA,NA,NA,NA,NA,NA,NA,NA,NA,NA,NA,0bd6a348-d786-4e07-b2e4-d200e27db999,780f700c-5e7f-49cc-9e75-b72f0f069ad5,NA,Hitting,23360087,-3.500618876,1000503081,"Zink, Brandon",2150.14154,FlyBall,88.72627,Right,26.68640187,NA,NA,NA,338.46696,47.57769,4.339627419,-1.136758681,2.61853,3.00163,0.24128,NA,NA,NA,NA,NA
21,2025-12-13,14:00:27,NA,NA,NA,NA,NA,NA,Live,NA,NA,NA,NA,NA,NA,NA,NA,NA,NA,NA,NA,NA,NA,NA,NA,NA,NA,NA,NA,NA,NA,NA,NA,NA,NA,NA,NA,NA,NA,441c0197-5355-4834-b9aa-823637e0188b,780f700c-5e7f-49cc-9e75-b72f0f069ad5,NA,Hitting,23360087,20.89261622,1000503081,"Zink, Brandon",4029.013264,FlyBall,78.20006,Right,31.11774999,NA,NA,NA,240.37464,47.88543,3.694436933,34.1761266,1.03941,2.36008,-0.00561,NA,NA,NA,NA,NA
22,2025-12-13,14:00:47,NA,NA,NA,NA,NA,NA,Live,NA,NA,NA,NA,NA,NA,NA,NA,NA,NA,NA,NA,NA,NA,NA,NA,NA,NA,NA,NA,NA,NA,NA,NA,NA,NA,NA,NA,NA,NA,e17f4a9c-d01e-4f88-8e32-e89acb93e07a,780f700c-5e7f-49cc-9e75-b72f0f069ad5,NA,Hitting,23360087,43.01831406,1000503081,"Zink, Brandon",4562.17852,FlyBall,69.08024,Right,50.46938562,NA,NA,NA,173.25696,25.1788,4.679956289,29.89030378,NA,NA,NA,NA,NA,NA,NA,NA
23,2025-12-13,14:00:53,NA,NA,NA,NA,NA,NA,Live,NA,NA,NA,NA,NA,NA,NA,NA,NA,NA,NA,NA,NA,NA,NA,NA,NA,NA,NA,NA,NA,NA,NA,NA,NA,NA,NA,NA,NA,NA,eca88331-99c8-46d3-91b5-9be22178ea60,780f700c-5e7f-49cc-9e75-b72f0f069ad5,NA,Hitting,23360087,5.791001341,1000503081,"Zink, Brandon",3866.557074,FlyBall,84.92517,Right,33.26720703,NA,NA,NA,294.81235,51.00534,4.101860365,17.11298393,1.99376,2.83138,0.05247,NA,NA,NA,NA,NA
24,2025-12-13,14:01:07,NA,NA,NA,NA,NA,NA,Live,NA,NA,NA,NA,NA,NA,NA,NA,NA,NA,NA,NA,NA,NA,NA,NA,NA,NA,NA,NA,NA,NA,NA,NA,NA,NA,NA,NA,NA,NA,e0d4f9c9-fd11-4137-b382-e2d0cc616ff4,780f700c-5e7f-49cc-9e75-b72f0f069ad5,NA,Hitting,23360087,28.8428347,1000503103,"Winter, Covin",3459.912611,LineDrive,75.00951,Right,21.75546935,NA,NA,NA,172.11579,37.39975,2.203428599,39.26605815,1.75869,3.03869,0.09556,NA,NA,NA,NA,NA
25,2025-12-13,14:01:12,NA,NA,NA,NA,NA,NA,Live,NA,NA,NA,NA,NA,NA,NA,NA,NA,NA,NA,NA,NA,NA,NA,NA,NA,NA,NA,NA,NA,NA,NA,NA,NA,NA,NA,NA,NA,NA,977f2407-923a-4d34-83a4-5626f7b4636f,780f700c-5e7f-49cc-9e75-b72f0f069ad5,NA,Hitting,23360087,1.8658629,1000503103,"Winter, Covin",2074.28951,LineDrive,85.76025,Right,13.9015358,NA,NA,NA,234.9383,46.65955,2.536856227,10.39490675,3.15561,2.92837,0.10934,NA,NA,NA,NA,NA
26,2025-12-13,14:01:23,NA,NA,NA,NA,NA,NA,Live,NA,NA,NA,NA,NA,NA,NA,NA,NA,NA,NA,NA,NA,NA,NA,NA,NA,NA,NA,NA,NA,NA,NA,NA,NA,NA,NA,NA,NA,NA,e4b6158a-35f5-4194-a771-f38f0a80fce9,780f700c-5e7f-49cc-9e75-b72f0f069ad5,NA,Hitting,23360087,5.564749678,1000503103,"Winter, Covin",3468.94672,FlyBall,82.55868,Right,28.35703054,NA,NA,NA,296.64144,53.60948,3.843702953,0.3820919819,2.43729,2.99175,0.057,NA,NA,NA,NA,NA
27,2025-12-13,14:01:31,NA,NA,NA,NA,NA,NA,Live,NA,NA,NA,NA,NA,NA,NA,NA,NA,NA,NA,NA,NA,NA,NA,NA,NA,NA,NA,NA,NA,NA,NA,NA,NA,NA,NA,NA,NA,NA,4cf842d9-97bb-476f-8b82-87ee199d174d,780f700c-5e7f-49cc-9e75-b72f0f069ad5,NA,Hitting,23360087,41.16049587,1000503103,"Winter, Covin",4858.508198,LineDrive,63.04461,Right,24.46230456,NA,NA,NA,191.74555,29.92564,2.78155889,38.33487175,NA,NA,NA,NA,NA,NA,NA,NA
28,2025-12-13,14:01:42,NA,NA,NA,NA,NA,NA,Live,NA,NA,NA,NA,NA,NA,NA,NA,NA,NA,NA,NA,NA,NA,NA,NA,NA,NA,NA,NA,NA,NA,NA,NA,NA,NA,NA,NA,NA,NA,8bdb777c-78bd-4434-987c-21b23ec00f9f,780f700c-5e7f-49cc-9e75-b72f0f069ad5,NA,Hitting,23360087,3.752429925,1000503103,"Winter, Covin",2813.440678,LineDrive,82.02809,Right,20.80092728,NA,NA,NA,247.61426,47.50984,2.900674393,12.23141069,2.26454,3.23901,0.12098,NA,NA,NA,NA,NA
29,2025-12-13,14:01:47,NA,NA,NA,NA,NA,NA,Live,NA,NA,NA,NA,NA,NA,NA,NA,NA,NA,NA,NA,NA,NA,NA,NA,NA,NA,NA,NA,NA,NA,NA,NA,NA,NA,NA,NA,NA,NA,0a448556-f408-4eaf-b9f8-261a17bfbec7,780f700c-5e7f-49cc-9e75-b72f0f069ad5,NA,Hitting,23360087,-16.25727733,1000503103,"Winter, Covin",2752.230174,LineDrive,84.00147,Right,15.334648,NA,NA,NA,141.84109,26.29673,1.395883146,-10.63668395,NA,NA,NA,NA,NA,NA,NA,NA
30,2025-12-13,14:02:48,NA,NA,NA,NA,NA,NA,Live,NA,NA,NA,NA,NA,NA,NA,NA,NA,NA,NA,NA,NA,NA,NA,NA,NA,NA,NA,NA,NA,NA,NA,NA,NA,NA,NA,NA,NA,NA,e36104ed-94c2-495d-82a6-2ec2ff19ff06,780f700c-5e7f-49cc-9e75-b72f0f069ad5,NA,Hitting,23360087,1.56680475,1000503151,"Hosch, David",2025.706854,FlyBall,72.76493,Right,46.70895982,NA,NA,NA,238.27239,32.24199,4.257864496,10.2924561,2.90495,3.25952,0.45397,NA,NA,NA,NA,NA
31,2025-12-13,14:02:59,NA,NA,NA,NA,NA,NA,Live,NA,NA,NA,NA,NA,NA,NA,NA,NA,NA,NA,NA,NA,NA,NA,NA,NA,NA,NA,NA,NA,NA,NA,NA,NA,NA,NA,NA,NA,NA,5db166df-5d02-407d-a6db-46a7fb55d2c7,780f700c-5e7f-49cc-9e75-b72f0f069ad5,NA,Hitting,23360087,9.256008361,1000503151,"Hosch, David",2930.365259,LineDrive,78.2212,Right,19.5293066,NA,NA,NA,227.46307,48.11776,2.700492905,16.63263971,2.5215,2.49051,0.15806,NA,NA,NA,NA,NA
32,2025-12-13,14:03:05,NA,NA,NA,NA,NA,NA,Live,NA,NA,NA,NA,NA,NA,NA,NA,NA,NA,NA,NA,NA,NA,NA,NA,NA,NA,NA,NA,NA,NA,NA,NA,NA,NA,NA,NA,NA,NA,c6e7212b-8bfd-4021-85db-d437059897ad,780f700c-5e7f-49cc-9e75-b72f0f069ad5,NA,Hitting,23360087,41.34723132,1000503151,"Hosch, David",4438.880903,FlyBall,68.20142,Right,37.78410302,NA,NA,NA,212.49524,29.13419,4.156728155,48.49025146,NA,NA,NA,NA,NA,NA,NA,NA
33,2025-12-13,14:03:13,NA,NA,NA,NA,NA,NA,Live,NA,NA,NA,NA,NA,NA,NA,NA,NA,NA,NA,NA,NA,NA,NA,NA,NA,NA,NA,NA,NA,NA,NA,NA,NA,NA,NA,NA,NA,NA,7dc27b44-8ed6-467d-b953-db068521f3a0,780f700c-5e7f-49cc-9e75-b72f0f069ad5,NA,Hitting,23360087,44.23130373,1000503151,"Hosch, David",3565.791329,Popup,66.77754,Right,50.78858271,NA,NA,NA,170.45916,29.164,4.137313778,28.44495612,NA,NA,NA,NA,NA,NA,NA,NA
34,2025-12-13,14:03:19,NA,NA,NA,NA,NA,NA,Live,NA,NA,NA,NA,NA,NA,NA,NA,NA,NA,NA,NA,NA,NA,NA,NA,NA,NA,NA,NA,NA,NA,NA,NA,NA,NA,NA,NA,NA,NA,e880fce3-2b9a-4248-b217-6b8424d164e7,780f700c-5e7f-49cc-9e75-b72f0f069ad5,NA,Hitting,23360087,6.842786215,1000503151,"Hosch, David",2452.489442,LineDrive,77.0845,Right,17.01426186,NA,NA,NA,209.20761,47.16164,2.468790834,14.58373064,2.09319,2.53697,0.04896,NA,NA,NA,NA,NA
35,2025-12-13,14:03:47,NA,NA,NA,NA,NA,NA,Live,NA,NA,NA,NA,NA,NA,NA,NA,NA,NA,NA,NA,NA,NA,NA,NA,NA,NA,NA,NA,NA,NA,NA,NA,NA,NA,NA,NA,NA,NA,dcf1ea6b-8052-42e5-a9b8-7ab29a104d2f,780f700c-5e7f-49cc-9e75-b72f0f069ad5,NA,Hitting,23360087,20.7167112,1000503125,"Nicholson, Aidan",4770.3059,FlyBall,72.81568,Right,42.5004546,NA,NA,NA,218.46637,34.7798,4.346147155,33.71808417,NA,NA,NA,NA,NA,NA,NA,NA
36,2025-12-13,14:03:54,NA,NA,NA,NA,NA,NA,Live,NA,NA,NA,NA,NA,NA,NA,NA,NA,NA,NA,NA,NA,NA,NA,NA,NA,NA,NA,NA,NA,NA,NA,NA,NA,NA,NA,NA,NA,NA,c44d5903-2121-48d8-aac6-3d711736d449,780f700c-5e7f-49cc-9e75-b72f0f069ad5,NA,Hitting,23360087,-8.00399833,1000503125,"Nicholson, Aidan",1362.081223,GroundBall,98.96083,Right,8.132328842,NA,NA,NA,279.50653,47.32812,2.669069043,-12.81521557,2.80394,2.68068,0.17238,NA,NA,NA,NA,NA
37,2025-12-13,14:04:00,NA,NA,NA,NA,NA,NA,Live,NA,NA,NA,NA,NA,NA,NA,NA,NA,NA,NA,NA,NA,NA,NA,NA,NA,NA,NA,NA,NA,NA,NA,NA,NA,NA,NA,NA,NA,NA,fc0473ce-398c-4dee-b93b-8628648d4e40,780f700c-5e7f-49cc-9e75-b72f0f069ad5,NA,Hitting,23360087,-13.77167967,1000503125,"Nicholson, Aidan",NA,GroundBall,96.09965,Right,-12.15027095,NA,NA,NA,12.83896,12.32627,0.06649632017,-10.45133139,NA,NA,NA,NA,NA,NA,NA,NA
38,2025-12-13,14:04:07,NA,NA,NA,NA,NA,NA,Live,NA,NA,NA,NA,NA,NA,NA,NA,NA,NA,NA,NA,NA,NA,NA,NA,NA,NA,NA,NA,NA,NA,NA,NA,NA,NA,NA,NA,NA,NA,32d2254c-5e04-432a-b37a-d680de305d62,780f700c-5e7f-49cc-9e75-b72f0f069ad5,NA,Hitting,23360087,7.219149364,1000503125,"Nicholson, Aidan",1657.430092,GroundBall,96.79544,Right,2.605013796,NA,NA,NA,72.93907,47.8432,0.541935855,10.52746812,2.04669,2.36089,0.46857,NA,NA,NA,NA,NA
39,2025-12-13,14:04:14,NA,NA,NA,NA,NA,NA,Live,NA,NA,NA,NA,NA,NA,NA,NA,NA,NA,NA,NA,NA,NA,NA,NA,NA,NA,NA,NA,NA,NA,NA,NA,NA,NA,NA,NA,NA,NA,a572384e-3608-4dd0-beb7-e05d3c5fe338,780f700c-5e7f-49cc-9e75-b72f0f069ad5,NA,Hitting,23360087,-2.083309238,1000503125,"Nicholson, Aidan",2173.348041,LineDrive,88.52454,Right,16.35519612,NA,NA,NA,279.792,47.61732,3.032464141,3.413703887,3.03119,2.0437,0.46461,NA,NA,NA,NA,NA
40,2025-12-13,14:04:21,NA,NA,NA,NA,NA,NA,Live,NA,NA,NA,NA,NA,NA,NA,NA,NA,NA,NA,NA,NA,NA,NA,NA,NA,NA,NA,NA,NA,NA,NA,NA,NA,NA,NA,NA,NA,NA,fc135a46-294a-47e3-a577-3c8280b9180d,780f700c-5e7f-49cc-9e75-b72f0f069ad5,NA,Hitting,23360087,-24.54989712,1000503125,"Nicholson, Aidan",3484.948729,GroundBall,97.09296,Right,-8.947299544,NA,NA,NA,18.42721,14.97357,0.1127350756,-20.83187642,3.09366,2.85385,-0.069,NA,NA,NA,NA,NA
41,2025-12-13,14:04:30,NA,NA,NA,NA,NA,NA,Live,NA,NA,NA,NA,NA,NA,NA,NA,NA,NA,NA,NA,NA,NA,NA,NA,NA,NA,NA,NA,NA,NA,NA,NA,NA,NA,NA,NA,NA,NA,61eeda30-b062-468a-a8ca-c27cfb417fa0,780f700c-5e7f-49cc-9e75-b72f0f069ad5,NA,Hitting,23360087,-4.803497957,1000503125,"Nicholson, Aidan",1976.434967,LineDrive,93.08076,Right,17.19788696,NA,NA,NA,295.27944,46.92042,3.253962432,5.422779014,3.16397,2.4827,0.46143,NA,NA,NA,NA,NA
42,2025-12-13,14:04:37,NA,NA,NA,NA,NA,NA,Live,NA,NA,NA,NA,NA,NA,NA,NA,NA,NA,NA,NA,NA,NA,NA,NA,NA,NA,NA,NA,NA,NA,NA,NA,NA,NA,NA,NA,NA,NA,8e98f34e-cfcc-4bd3-a004-292544d6cb05,780f700c-5e7f-49cc-9e75-b72f0f069ad5,NA,Hitting,23360087,-5.965010716,1000503125,"Nicholson, Aidan",1286.531535,GroundBall,97.43657,Right,8.671262156,NA,NA,NA,203.63516,47.72875,1.777193043,1.421693417,3.01892,2.04946,0.1099,NA,NA,NA,NA,NA
43,2025-12-13,14:04:58,NA,NA,NA,NA,NA,NA,Live,NA,NA,NA,NA,NA,NA,NA,NA,NA,NA,NA,NA,NA,NA,NA,NA,NA,NA,NA,NA,NA,NA,NA,NA,NA,NA,NA,NA,NA,NA,81dc0294-aea7-418d-b2ce-23b5b6cb9345,780f700c-5e7f-49cc-9e75-b72f0f069ad5,NA,Hitting,23360087,-8.124733887,1000503136,"Avdem, Dex",1128.877462,GroundBall,79.326,Right,5.595537202,NA,NA,NA,80.42957,46.947,0.727960574,-8.187721361,2.13305,3.02272,0.31839,NA,NA,NA,NA,NA
44,2025-12-13,14:05:04,NA,NA,NA,NA,NA,NA,Live,NA,NA,NA,NA,NA,NA,NA,NA,NA,NA,NA,NA,NA,NA,NA,NA,NA,NA,NA,NA,NA,NA,NA,NA,NA,NA,NA,NA,NA,NA,e63b3ef4-1c57-4033-b0dc-1141c650ec9a,780f700c-5e7f-49cc-9e75-b72f0f069ad5,NA,Hitting,23360087,-18.1217072,1000503136,"Avdem, Dex",3085.564281,FlyBall,76.95045,Right,30.24434141,NA,NA,NA,260.10046,48.58234,3.81677081,-27.72189022,1.88955,2.5895,0.28248,NA,NA,NA,NA,NA
45,2025-12-13,14:05:09,NA,NA,NA,NA,NA,NA,Live,NA,NA,NA,NA,NA,NA,NA,NA,NA,NA,NA,NA,NA,NA,NA,NA,NA,NA,NA,NA,NA,NA,NA,NA,NA,NA,NA,NA,NA,NA,c70a0909-6b54-48ca-a3b4-72cdb27d9406,780f700c-5e7f-49cc-9e75-b72f0f069ad5,NA,Hitting,23360087,3.951322244,1000503136,"Avdem, Dex",1896.584017,LineDrive,83.29561,Right,22.48672761,NA,NA,NA,272.63255,47.38277,3.562611537,-6.369710068,3.05363,3.00207,-0.02237,NA,NA,NA,NA,NA
46,2025-12-13,14:05:15,NA,NA,NA,NA,NA,NA,Live,NA,NA,NA,NA,NA,NA,NA,NA,NA,NA,NA,NA,NA,NA,NA,NA,NA,NA,NA,NA,NA,NA,NA,NA,NA,NA,NA,NA,NA,NA,a41398b5-3468-4d8a-9a43-b3aba3074262,780f700c-5e7f-49cc-9e75-b72f0f069ad5,NA,Hitting,23360087,-0.3993740162,1000503136,"Avdem, Dex",1773.674456,LineDrive,83.14327,Right,17.56163887,NA,NA,NA,248.17314,46.78844,2.905745404,-9.380151733,2.86232,2.58981,0.31499,NA,NA,NA,NA,NA
47,2025-12-13,14:05:21,NA,NA,NA,NA,NA,NA,Live,NA,NA,NA,NA,NA,NA,NA,NA,NA,NA,NA,NA,NA,NA,NA,NA,NA,NA,NA,NA,NA,NA,NA,NA,NA,NA,NA,NA,NA,NA,a2984dfa-a3a5-4e9d-9d36-324b64308343,780f700c-5e7f-49cc-9e75-b72f0f069ad5,NA,Hitting,23360087,-3.840968365,1000503136,"Avdem, Dex",1775.507006,GroundBall,83.43298,Right,-5.92294091,NA,NA,NA,20.91369,19.43262,0.1442070206,-3.049401455,3.75847,2.33685,0.17048,NA,NA,NA,NA,NA
48,2025-12-13,14:05:28,NA,NA,NA,NA,NA,NA,Live,NA,NA,NA,NA,NA,NA,NA,NA,NA,NA,NA,NA,NA,NA,NA,NA,NA,NA,NA,NA,NA,NA,NA,NA,NA,NA,NA,NA,NA,NA,ef75d757-bff2-43c9-84f1-724ed9967d1c,780f700c-5e7f-49cc-9e75-b72f0f069ad5,NA,Hitting,23360087,-0.4354958954,1000503136,"Avdem, Dex",718.1389032,GroundBall,86.10197,Right,4.551636897,NA,NA,NA,123.79798,39.21562,1.10713255,-4.853145288,2.11385,2.65193,0.01463,NA,NA,NA,NA,NA
49,2025-12-13,14:05:34,NA,NA,NA,NA,NA,NA,Live,NA,NA,NA,NA,NA,NA,NA,NA,NA,NA,NA,NA,NA,NA,NA,NA,NA,NA,NA,NA,NA,NA,NA,NA,NA,NA,NA,NA,NA,NA,ab5e8cf1-fcbe-4e86-a0d0-e18180b400d0,780f700c-5e7f-49cc-9e75-b72f0f069ad5,NA,Hitting,23360087,20.46511756,1000503136,"Avdem, Dex",2449.567472,FlyBall,69.69929,Right,31.17223792,NA,NA,NA,242.54016,49.16642,3.811924086,16.47603612,3.86671,2.75227,0.35731,NA,NA,NA,NA,NA
50,2025-12-13,14:05:41,NA,NA,NA,NA,NA,NA,Live,NA,NA,NA,NA,NA,NA,NA,NA,NA,NA,NA,NA,NA,NA,NA,NA,NA,NA,NA,NA,NA,NA,NA,NA,NA,NA,NA,NA,NA,NA,fe15e6b1-4997-448d-b063-84eb0f66f893,780f700c-5e7f-49cc-9e75-b72f0f069ad5,NA,Hitting,23360087,15.31525194,1000503136,"Avdem, Dex",2358.740478,GroundBall,86.12182,Right,1.708969202,NA,NA,NA,57.08858,21.60262,0.4586446552,12.7232517,NA,NA,NA,NA,NA,NA,NA,NA
51,2025-12-13,14:05:56,NA,NA,NA,NA,NA,NA,Live,NA,NA,NA,NA,NA,NA,NA,NA,NA,NA,NA,NA,NA,NA,NA,NA,NA,NA,NA,NA,NA,NA,NA,NA,NA,NA,NA,NA,NA,NA,03fd9e85-f165-4b7b-938d-b9ae3f0e96f1,780f700c-5e7f-49cc-9e75-b72f0f069ad5,NA,Hitting,23360087,-3.072283882,1000503146,"Kinman, Chance",919.4760582,GroundBall,91.18899,Right,6.082331109,NA,NA,NA,127.50423,47.24186,1.061399871,-1.218408217,1.61761,2.40619,-0.11706,NA,NA,NA,NA,NA
52,2025-12-13,14:06:02,NA,NA,NA,NA,NA,NA,Live,NA,NA,NA,NA,NA,NA,NA,NA,NA,NA,NA,NA,NA,NA,NA,NA,NA,NA,NA,NA,NA,NA,NA,NA,NA,NA,NA,NA,NA,NA,6dd26d50-0aec-4218-9543-eaf645856acb,780f700c-5e7f-49cc-9e75-b72f0f069ad5,NA,Hitting,23360087,9.389361679,1000503146,"Kinman, Chance",3425.460462,LineDrive,81.98495,Right,24.50259056,NA,NA,NA,273.81783,48.67669,3.810539345,19.07149074,2.0242,2.78495,0.55937,NA,NA,NA,NA,NA
53,2025-12-13,14:06:08,NA,NA,NA,NA,NA,NA,Live,NA,NA,NA,NA,NA,NA,NA,NA,NA,NA,NA,NA,NA,NA,NA,NA,NA,NA,NA,NA,NA,NA,NA,NA,NA,NA,NA,NA,NA,NA,8809fb25-453d-4a6f-91f9-67421cccac80,780f700c-5e7f-49cc-9e75-b72f0f069ad5,NA,Hitting,23360087,-7.056488749,1000503146,"Kinman, Chance",4396.283928,FlyBall,77.27363,Right,44.05282756,NA,NA,NA,252.04275,31.66741,5.050569377,1.769486825,2.56441,3.27643,0.47273,NA,NA,NA,NA,NA
54,2025-12-13,14:06:15,NA,NA,NA,NA,NA,NA,Live,NA,NA,NA,NA,NA,NA,NA,NA,NA,NA,NA,NA,NA,NA,NA,NA,NA,NA,NA,NA,NA,NA,NA,NA,NA,NA,NA,NA,NA,NA,1e6faedb-32ef-4dbf-af04-78438354ed66,780f700c-5e7f-49cc-9e75-b72f0f069ad5,NA,Hitting,23360087,5.356981383,1000503146,"Kinman, Chance",1976.805509,LineDrive,78.50452,Right,14.9676154,NA,NA,NA,192.32067,50.94989,2.126856971,11.69786842,NA,NA,NA,NA,NA,NA,NA,NA
55,2025-12-13,14:06:22,NA,NA,NA,NA,NA,NA,Live,NA,NA,NA,NA,NA,NA,NA,NA,NA,NA,NA,NA,NA,NA,NA,NA,NA,NA,NA,NA,NA,NA,NA,NA,NA,NA,NA,NA,NA,NA,6a0704b0-b806-4acc-b0fc-10557f29285e,780f700c-5e7f-49cc-9e75-b72f0f069ad5,NA,Hitting,23360087,2.38236976,1000503146,"Kinman, Chance",1527.439736,GroundBall,87.21941,Right,6.699244747,NA,NA,NA,145.50778,42.91817,1.320543885,6.815221109,0.97956,2.97584,-0.09712,NA,NA,NA,NA,NA
56,2025-12-13,14:06:29,NA,NA,NA,NA,NA,NA,Live,NA,NA,NA,NA,NA,NA,NA,NA,NA,NA,NA,NA,NA,NA,NA,NA,NA,NA,NA,NA,NA,NA,NA,NA,NA,NA,NA,NA,NA,NA,c4017cfd-ba89-4c55-8fb5-100b810b0d9a,780f700c-5e7f-49cc-9e75-b72f0f069ad5,NA,Hitting,23360087,39.45984597,1000503146,"Kinman, Chance",4076.930804,Popup,63.06089,Right,51.19457006,NA,NA,NA,161.2439,11.30168,3.593885007,49.83546734,NA,NA,NA,NA,NA,NA,NA,NA
57,2025-12-13,14:06:36,NA,NA,NA,NA,NA,NA,Live,NA,NA,NA,NA,NA,NA,NA,NA,NA,NA,NA,NA,NA,NA,NA,NA,NA,NA,NA,NA,NA,NA,NA,NA,NA,NA,NA,NA,NA,NA,4cf92e97-c814-4aba-befd-d1170a3d145a,780f700c-5e7f-49cc-9e75-b72f0f069ad5,NA,Hitting,23360087,-1.829354878,1000503146,"Kinman, Chance",1788.091213,LineDrive,89.42927,Right,15.39585439,NA,NA,NA,282.25594,46.58523,3.091527795,4.542868986,2.12444,2.78293,0.26069,NA,NA,NA,NA,NA
58,2025-12-13,14:06:50,NA,NA,NA,NA,NA,NA,Live,NA,NA,NA,NA,NA,NA,NA,NA,NA,NA,NA,NA,NA,NA,NA,NA,NA,NA,NA,NA,NA,NA,NA,NA,NA,NA,NA,NA,NA,NA,ca587fff-be43-4e06-a07c-2ec42b796cc9,780f700c-5e7f-49cc-9e75-b72f0f069ad5,NA,Hitting,23360087,4.672871543,1000503146,"Kinman, Chance",1709.22629,GroundBall,88.44988,Right,-8.789408454,NA,NA,NA,18.67353,17.57936,0.1427723749,4.778384066,0.8594,2.91638,0.47046,NA,NA,NA,NA,NA
59,2025-12-13,14:07:05,NA,NA,NA,NA,NA,NA,Live,NA,NA,NA,NA,NA,NA,NA,NA,NA,NA,NA,NA,NA,NA,NA,NA,NA,NA,NA,NA,NA,NA,NA,NA,NA,NA,NA,NA,NA,NA,89545f60-ab2e-4499-8e0b-f5a4946d6a1b,780f700c-5e7f-49cc-9e75-b72f0f069ad5,NA,Hitting,23360087,-0.7239102428,1000503088,"Erickson, Bradyn",1369.249157,LineDrive,93.27343,Right,21.17701233,NA,NA,NA,281.82927,47.26029,2.995386264,8.988751587,1.47048,3.07612,0.27658,NA,NA,NA,NA,NA
60,2025-12-13,14:07:11,NA,NA,NA,NA,NA,NA,Live,NA,NA,NA,NA,NA,NA,NA,NA,NA,NA,NA,NA,NA,NA,NA,NA,NA,NA,NA,NA,NA,NA,NA,NA,NA,NA,NA,NA,NA,NA,649509c4-6b9c-41d1-a70e-c5e3d38f4dba,780f700c-5e7f-49cc-9e75-b72f0f069ad5,NA,Hitting,23360087,-18.73250642,1000503088,"Erickson, Bradyn",2662.452709,GroundBall,88.99943,Right,7.756354966,NA,NA,NA,133.49828,20.99665,1.154720305,-15.21458419,NA,NA,NA,NA,NA,NA,NA,NA
61,2025-12-13,14:07:24,NA,NA,NA,NA,NA,NA,Live,NA,NA,NA,NA,NA,NA,NA,NA,NA,NA,NA,NA,NA,NA,NA,NA,NA,NA,NA,NA,NA,NA,NA,NA,NA,NA,NA,NA,NA,NA,75ae5e58-53fe-42e5-9bb2-5753d8becc81,780f700c-5e7f-49cc-9e75-b72f0f069ad5,NA,Hitting,23360087,-12.98291681,1000503088,"Erickson, Bradyn",857.6713962,LineDrive,96.53005,Right,21.63839281,NA,NA,NA,349.26968,47.97678,3.80541982,-15.25900178,2.37267,2.58948,0.19034,NA,NA,NA,NA,NA
62,2025-12-13,14:07:31,NA,NA,NA,NA,NA,NA,Live,NA,NA,NA,NA,NA,NA,NA,NA,NA,NA,NA,NA,NA,NA,NA,NA,NA,NA,NA,NA,NA,NA,NA,NA,NA,NA,NA,NA,NA,NA,f47d3308-14b1-41f0-b84e-f9780b954267,780f700c-5e7f-49cc-9e75-b72f0f069ad5,NA,Hitting,23360087,-15.32873415,1000503088,"Erickson, Bradyn",1501.054128,FlyBall,95.71039,Right,28.49727489,NA,NA,NA,373.78005,47.98665,4.599794729,-13.12522727,2.28842,3.02719,0.04631,NA,NA,NA,NA,NA
63,2025-12-13,14:07:46,NA,NA,NA,NA,NA,NA,Live,NA,NA,NA,NA,NA,NA,NA,NA,NA,NA,NA,NA,NA,NA,NA,NA,NA,NA,NA,NA,NA,NA,NA,NA,NA,NA,NA,NA,NA,NA,3cca7724-a749-46a9-a3b6-7f47478aac80,780f700c-5e7f-49cc-9e75-b72f0f069ad5,NA,Hitting,23360087,3.543473093,1000503088,"Erickson, Bradyn",1646.581045,LineDrive,94.88952,Right,21.92821295,NA,NA,NA,352.74986,47.53825,4.141332619,8.522129035,2.03048,2.73826,0.21205,NA,NA,NA,NA,NA
64,2025-12-13,14:08:11,NA,NA,NA,NA,NA,NA,Live,NA,NA,NA,NA,NA,NA,NA,NA,NA,NA,NA,NA,NA,NA,NA,NA,NA,NA,NA,NA,NA,NA,NA,NA,NA,NA,NA,NA,NA,NA,5dcf4bc2-b777-4a49-8252-8053f683c4a2,780f700c-5e7f-49cc-9e75-b72f0f069ad5,NA,Hitting,23360087,24.85128653,1000503081,"Zink, Brandon",3553.569811,LineDrive,82.52482,Right,17.72694068,NA,NA,NA,220.19114,41.14479,2.518902881,34.85480814,1.60241,2.42084,0.23548,NA,NA,NA,NA,NA
65,2025-12-13,14:08:18,NA,NA,NA,NA,NA,NA,Live,NA,NA,NA,NA,NA,NA,NA,NA,NA,NA,NA,NA,NA,NA,NA,NA,NA,NA,NA,NA,NA,NA,NA,NA,NA,NA,NA,NA,NA,NA,4b9559d8-7334-49e8-84d6-2b541d0bfd75,780f700c-5e7f-49cc-9e75-b72f0f069ad5,NA,Hitting,23360087,43.9180188,1000503081,"Zink, Brandon",4617.250348,Popup,65.25779,Right,54.21378328,NA,NA,NA,196.27645,28.42003,4.303150659,40.15250214,2.12779,3.05549,0.19435,NA,NA,NA,NA,NA
66,2025-12-13,14:08:24,NA,NA,NA,NA,NA,NA,Live,NA,NA,NA,NA,NA,NA,NA,NA,NA,NA,NA,NA,NA,NA,NA,NA,NA,NA,NA,NA,NA,NA,NA,NA,NA,NA,NA,NA,NA,NA,41a8a140-d654-4df3-a524-d594a17505aa,780f700c-5e7f-49cc-9e75-b72f0f069ad5,NA,Hitting,23360087,-11.15946254,1000503081,"Zink, Brandon",756.936177,GroundBall,85.9272,Right,6.961535112,NA,NA,NA,142.61651,48.02584,1.305524771,-16.37093855,NA,NA,NA,NA,NA,NA,NA,NA
67,2025-12-13,14:08:31,NA,NA,NA,NA,NA,NA,Live,NA,NA,NA,NA,NA,NA,NA,NA,NA,NA,NA,NA,NA,NA,NA,NA,NA,NA,NA,NA,NA,NA,NA,NA,NA,NA,NA,NA,NA,NA,591e1d42-a5b4-4535-a7f2-b7fa75c19900,780f700c-5e7f-49cc-9e75-b72f0f069ad5,NA,Hitting,23360087,16.46480327,1000503081,"Zink, Brandon",3891.403928,LineDrive,88.92377,Right,23.36748003,NA,NA,NA,293.06439,49.62805,3.947378143,28.17399957,1.15828,2.11672,0.21582,NA,NA,NA,NA,NA
68,2025-12-13,14:08:46,NA,NA,NA,NA,NA,NA,Live,NA,NA,NA,NA,NA,NA,NA,NA,NA,NA,NA,NA,NA,NA,NA,NA,NA,NA,NA,NA,NA,NA,NA,NA,NA,NA,NA,NA,NA,NA,886fbdcf-9a42-4890-9fe4-3ceadf1efb26,780f700c-5e7f-49cc-9e75-b72f0f069ad5,NA,Hitting,23360087,-3.061979067,1000503081,"Zink, Brandon",2604.942155,FlyBall,87.15996,Right,26.97050124,NA,NA,NA,316.94855,47.1432,4.177505949,5.207116371,2.34907,2.74645,0.00604,NA,NA,NA,NA,NA
69,2025-12-13,14:09:07,NA,NA,NA,NA,NA,NA,Live,NA,NA,NA,NA,NA,NA,NA,NA,NA,NA,NA,NA,NA,NA,NA,NA,NA,NA,NA,NA,NA,NA,NA,NA,NA,NA,NA,NA,NA,NA,52022f7c-1009-47e5-99b7-472d100ec706,780f700c-5e7f-49cc-9e75-b72f0f069ad5,NA,Hitting,23360087,69.40926564,1000503103,"Winter, Covin",8152.708728,LineDrive,41.61375,Right,22.6429242,NA,NA,NA,81.44513,21.68015,1.570583163,67.39711935,NA,NA,NA,NA,NA,NA,NA,NA
70,2025-12-13,14:09:19,NA,NA,NA,NA,NA,NA,Live,NA,NA,NA,NA,NA,NA,NA,NA,NA,NA,NA,NA,NA,NA,NA,NA,NA,NA,NA,NA,NA,NA,NA,NA,NA,NA,NA,NA,NA,NA,4e6931c0-efaa-4c41-a1e4-4e2ee51045a1,780f700c-5e7f-49cc-9e75-b72f0f069ad5,NA,Hitting,23360087,31.90318744,1000503103,"Winter, Covin",4590.63582,FlyBall,74.17586,Right,26.69647271,NA,NA,NA,203.22755,34.93526,2.886491667,43.80915751,NA,NA,NA,NA,NA,NA,NA,NA
71,2025-12-13,14:09:24,NA,NA,NA,NA,NA,NA,Live,NA,NA,NA,NA,NA,NA,NA,NA,NA,NA,NA,NA,NA,NA,NA,NA,NA,NA,NA,NA,NA,NA,NA,NA,NA,NA,NA,NA,NA,NA,ed2a378f-1c9a-4e66-a8f6-9d26e6af26c8,780f700c-5e7f-49cc-9e75-b72f0f069ad5,NA,Hitting,23360087,58.6286679,1000503103,"Winter, Covin",5564.797579,FlyBall,59.4056,Right,29.83080567,NA,NA,NA,148.20866,24.51144,3.157116323,48.27109205,2.33887,2.50638,0.81395,NA,NA,NA,NA,NA
72,2025-12-13,14:09:30,NA,NA,NA,NA,NA,NA,Live,NA,NA,NA,NA,NA,NA,NA,NA,NA,NA,NA,NA,NA,NA,NA,NA,NA,NA,NA,NA,NA,NA,NA,NA,NA,NA,NA,NA,NA,NA,eb73211c-651a-4f46-b94e-c8451c792095,780f700c-5e7f-49cc-9e75-b72f0f069ad5,NA,Hitting,23360087,-13.55949952,1000503103,"Winter, Covin",605.6107452,LineDrive,90.0779,Right,11.74216518,NA,NA,NA,135.69188,47.86412,1.174432225,-10.29448933,NA,NA,NA,NA,NA,NA,NA,NA
73,2025-12-13,14:09:38,NA,NA,NA,NA,NA,NA,Live,NA,NA,NA,NA,NA,NA,NA,NA,NA,NA,NA,NA,NA,NA,NA,NA,NA,NA,NA,NA,NA,NA,NA,NA,NA,NA,NA,NA,NA,NA,5ffa1e34-dd66-483c-93ca-f92f8c078aa2,780f700c-5e7f-49cc-9e75-b72f0f069ad5,NA,Hitting,23360087,7.396211518,1000503103,"Winter, Covin",3393.18907,FlyBall,83.49921,Right,28.63068007,NA,NA,NA,271.56598,47.81577,3.837512356,20.43673662,2.63161,2.53748,0.31676,NA,NA,NA,NA,NA
74,2025-12-13,14:09:44,NA,NA,NA,NA,NA,NA,Live,NA,NA,NA,NA,NA,NA,NA,NA,NA,NA,NA,NA,NA,NA,NA,NA,NA,NA,NA,NA,NA,NA,NA,NA,NA,NA,NA,NA,NA,NA,0b7443a4-71d9-4d6b-a6a0-3cda6d5944ac,780f700c-5e7f-49cc-9e75-b72f0f069ad5,NA,Hitting,23360087,-5.589847275,1000503103,"Winter, Covin",820.1573298,GroundBall,89.54174,Right,3.206966933,NA,NA,NA,78.16201,47.14858,0.6098169707,-5.123754866,3.34161,2.47148,0.12925,NA,NA,NA,NA,NA
75,2025-12-13,14:09:50,NA,NA,NA,NA,NA,NA,Live,NA,NA,NA,NA,NA,NA,NA,NA,NA,NA,NA,NA,NA,NA,NA,NA,NA,NA,NA,NA,NA,NA,NA,NA,NA,NA,NA,NA,NA,NA,50a1428d-b8c1-4df6-9efa-564a893fe11e,780f700c-5e7f-49cc-9e75-b72f0f069ad5,NA,Hitting,23360087,20.51819266,1000503103,"Winter, Covin",4326.277136,LineDrive,79.03559,Right,22.16714586,NA,NA,NA,227.96223,47.44889,3.031863913,31.95733917,1.70788,2.31389,-0.03987,NA,NA,NA,NA,NA
76,2025-12-13,14:10:26,NA,NA,NA,NA,NA,NA,Live,NA,NA,NA,NA,NA,NA,NA,NA,NA,NA,NA,NA,NA,NA,NA,NA,NA,NA,NA,NA,NA,NA,NA,NA,NA,NA,NA,NA,NA,NA,0b007732-3e45-497f-9b4b-891bcabfcd05,780f700c-5e7f-49cc-9e75-b72f0f069ad5,NA,Hitting,23360087,-11.66858482,1000503151,"Hosch, David",1081.764828,GroundBall,86.42044,Right,5.255497975,NA,NA,NA,79.45401,47.81314,0.6414131464,-10.58993639,4.27233,2.46091,-0.02065,NA,NA,NA,NA,NA
77,2025-12-13,14:10:43,NA,NA,NA,NA,NA,NA,Live,NA,NA,NA,NA,NA,NA,NA,NA,NA,NA,NA,NA,NA,NA,NA,NA,NA,NA,NA,NA,NA,NA,NA,NA,NA,NA,NA,NA,NA,NA,49bb8948-747a-453f-8d47-fe3ddb711d44,780f700c-5e7f-49cc-9e75-b72f0f069ad5,NA,Hitting,23360087,-1.71817686,1000503151,"Hosch, David",1139.265832,GroundBall,84.99828,Right,8.6403687,NA,NA,NA,100.41234,44.93032,0.8748466251,0.47281862,2.99155,2.38187,0.27343,NA,NA,NA,NA,NA
78,2025-12-13,14:10:56,NA,NA,NA,NA,NA,NA,Live,NA,NA,NA,NA,NA,NA,NA,NA,NA,NA,NA,NA,NA,NA,NA,NA,NA,NA,NA,NA,NA,NA,NA,NA,NA,NA,NA,NA,NA,NA,91541def-db3b-4042-a288-0d3a4529c313,780f700c-5e7f-49cc-9e75-b72f0f069ad5,NA,Hitting,23360087,21.34305304,1000503151,"Hosch, David",4047.83781,FlyBall,71.89593,Right,35.31802547,NA,NA,NA,222.49217,45.99082,3.843238529,33.02644917,2.7447,2.36238,0.10182,NA,NA,NA,NA,NA
79,2025-12-13,14:11:03,NA,NA,NA,NA,NA,NA,Live,NA,NA,NA,NA,NA,NA,NA,NA,NA,NA,NA,NA,NA,NA,NA,NA,NA,NA,NA,NA,NA,NA,NA,NA,NA,NA,NA,NA,NA,NA,7ee5d684-bfc1-4424-9bb0-0eb6091ce24d,780f700c-5e7f-49cc-9e75-b72f0f069ad5,NA,Hitting,23360087,44.13331396,1000503151,"Hosch, David",4548.003317,FlyBall,62.25741,Right,47.55424196,NA,NA,NA,172.52797,26.61158,3.932648977,55.42125787,NA,NA,NA,NA,NA,NA,NA,NA
80,2025-12-13,14:11:11,NA,NA,NA,NA,NA,NA,Live,NA,NA,NA,NA,NA,NA,NA,NA,NA,NA,NA,NA,NA,NA,NA,NA,NA,NA,NA,NA,NA,NA,NA,NA,NA,NA,NA,NA,NA,NA,44799c37-57f6-45ca-bdd3-2085c3440b1b,780f700c-5e7f-49cc-9e75-b72f0f069ad5,NA,Hitting,23360087,-2.588334372,1000503151,"Hosch, David",1210.874886,LineDrive,84.31892,Right,10.5885532,NA,NA,NA,199.97625,47.30733,2.017638754,2.828968681,2.71415,2.40763,0.02496,NA,NA,NA,NA,NA
81,2025-12-13,14:11:26,NA,NA,NA,NA,NA,NA,Live,NA,NA,NA,NA,NA,NA,NA,NA,NA,NA,NA,NA,NA,NA,NA,NA,NA,NA,NA,NA,NA,NA,NA,NA,NA,NA,NA,NA,NA,NA,c7715b4a-7d8f-4346-ae14-9b1cdb59c3c3,780f700c-5e7f-49cc-9e75-b72f0f069ad5,NA,Hitting,23360087,8.541705646,1000503125,"Nicholson, Aidan",3360.223091,LineDrive,89.60149,Right,23.32987087,NA,NA,NA,322.89995,47.63307,4.308508233,15.9972327,2.49432,2.86487,0.46287,NA,NA,NA,NA,NA
82,2025-12-13,14:11:33,NA,NA,NA,NA,NA,NA,Live,NA,NA,NA,NA,NA,NA,NA,NA,NA,NA,NA,NA,NA,NA,NA,NA,NA,NA,NA,NA,NA,NA,NA,NA,NA,NA,NA,NA,NA,NA,b748c216-5dbb-4bf4-8913-1ed0d77e3843,780f700c-5e7f-49cc-9e75-b72f0f069ad5,NA,Hitting,23360087,2.834235401,1000503125,"Nicholson, Aidan",3975.337516,FlyBall,87.85708,Right,29.09234903,NA,NA,NA,330.71064,46.83455,4.875610676,4.536260656,2.96593,2.36933,0.26628,NA,NA,NA,NA,NA
83,2025-12-13,14:11:40,NA,NA,NA,NA,NA,NA,Live,NA,NA,NA,NA,NA,NA,NA,NA,NA,NA,NA,NA,NA,NA,NA,NA,NA,NA,NA,NA,NA,NA,NA,NA,NA,NA,NA,NA,NA,NA,58d08dcd-20a7-499a-b11d-f5ceb32cc447,780f700c-5e7f-49cc-9e75-b72f0f069ad5,NA,Hitting,23360087,-6.497450167,1000503125,"Nicholson, Aidan",3985.403851,FlyBall,91.95356,Right,31.23296779,NA,NA,NA,342.41972,47.08319,4.911350331,3.393036739,3.31819,2.70634,0.0315,NA,NA,NA,NA,NA
84,2025-12-13,14:11:47,NA,NA,NA,NA,NA,NA,Live,NA,NA,NA,NA,NA,NA,NA,NA,NA,NA,NA,NA,NA,NA,NA,NA,NA,NA,NA,NA,NA,NA,NA,NA,NA,NA,NA,NA,NA,NA,2323442c-b1d8-411b-8118-eb4cd20a54a9,780f700c-5e7f-49cc-9e75-b72f0f069ad5,NA,Hitting,23360087,43.71056959,1000503125,"Nicholson, Aidan",4948.484083,Popup,63.85739,Right,52.32873494,NA,NA,NA,153.6858,31.82662,4.569270202,35.05964182,NA,NA,NA,NA,NA,NA,NA,NA
85,2025-12-13,14:11:57,NA,NA,NA,NA,NA,NA,Live,NA,NA,NA,NA,NA,NA,NA,NA,NA,NA,NA,NA,NA,NA,NA,NA,NA,NA,NA,NA,NA,NA,NA,NA,NA,NA,NA,NA,NA,NA,13bf3a37-c3dc-4666-a51d-f911c01ced43,780f700c-5e7f-49cc-9e75-b72f0f069ad5,NA,Hitting,23360087,-14.92183779,1000503125,"Nicholson, Aidan",981.0801414,GroundBall,101.35137,Right,5.502759683,NA,NA,NA,138.57983,47.27462,1.058298032,-9.069039851,3.59588,2.53492,0.09417,NA,NA,NA,NA,NA
86,2025-12-13,14:12:05,NA,NA,NA,NA,NA,NA,Live,NA,NA,NA,NA,NA,NA,NA,NA,NA,NA,NA,NA,NA,NA,NA,NA,NA,NA,NA,NA,NA,NA,NA,NA,NA,NA,NA,NA,NA,NA,0f840a44-eac8-4850-a6e5-25273258f242,780f700c-5e7f-49cc-9e75-b72f0f069ad5,NA,Hitting,23360087,0.9948605226,1000503125,"Nicholson, Aidan",2312.647444,LineDrive,100.22187,Right,12.82206639,NA,NA,NA,295.69025,47.42631,2.842187015,8.930665205,3.0643,2.45419,0.18148,NA,NA,NA,NA,NA
87,2025-12-13,14:12:12,NA,NA,NA,NA,NA,NA,Live,NA,NA,NA,NA,NA,NA,NA,NA,NA,NA,NA,NA,NA,NA,NA,NA,NA,NA,NA,NA,NA,NA,NA,NA,NA,NA,NA,NA,NA,NA,818596b2-b7d7-461a-a308-3d9fb9cb272f,780f700c-5e7f-49cc-9e75-b72f0f069ad5,NA,Hitting,23360087,-14.64837503,1000503125,"Nicholson, Aidan",1631.199703,LineDrive,98.39348,Right,18.27666519,NA,NA,NA,329.38017,48.84767,3.866173539,-26.20705038,3.74453,2.52827,0.09281,NA,NA,NA,NA,NA
88,2025-12-13,14:12:30,NA,NA,NA,NA,NA,NA,Live,NA,NA,NA,NA,NA,NA,NA,NA,NA,NA,NA,NA,NA,NA,NA,NA,NA,NA,NA,NA,NA,NA,NA,NA,NA,NA,NA,NA,NA,NA,8ead1ece-3898-45c6-af93-823ae47fa181,780f700c-5e7f-49cc-9e75-b72f0f069ad5,NA,Hitting,23360087,20.46472085,1000503136,"Avdem, Dex",1332.875621,LineDrive,86.221,Right,18.65655348,NA,NA,NA,299.13704,49.64496,3.712665624,15.5986635,3.51933,2.62,0.13441,NA,NA,NA,NA,NA
89,2025-12-13,14:12:35,NA,NA,NA,NA,NA,NA,Live,NA,NA,NA,NA,NA,NA,NA,NA,NA,NA,NA,NA,NA,NA,NA,NA,NA,NA,NA,NA,NA,NA,NA,NA,NA,NA,NA,NA,NA,NA,cc24b090-0520-425d-bbd2-e57991763431,780f700c-5e7f-49cc-9e75-b72f0f069ad5,NA,Hitting,23360087,6.026495112,1000503136,"Avdem, Dex",1548.44824,GroundBall,84.78404,Right,2.202939388,NA,NA,NA,55.52305,42.53966,0.4335170254,4.526377664,4.39351,2.24243,0.00252,NA,NA,NA,NA,NA
90,2025-12-13,14:12:42,NA,NA,NA,NA,NA,NA,Live,NA,NA,NA,NA,NA,NA,NA,NA,NA,NA,NA,NA,NA,NA,NA,NA,NA,NA,NA,NA,NA,NA,NA,NA,NA,NA,NA,NA,NA,NA,a1a33cb6-74bf-4e55-9e72-843ceddffeb5,780f700c-5e7f-49cc-9e75-b72f0f069ad5,NA,Hitting,23360087,-14.74649117,1000503136,"Avdem, Dex",3552.704563,FlyBall,75.28441,Right,28.01023672,NA,NA,NA,242.82459,47.26925,3.423094995,-24.58385734,2.54738,2.51299,0.02015,NA,NA,NA,NA,NA
91,2025-12-13,14:12:48,NA,NA,NA,NA,NA,NA,Live,NA,NA,NA,NA,NA,NA,NA,NA,NA,NA,NA,NA,NA,NA,NA,NA,NA,NA,NA,NA,NA,NA,NA,NA,NA,NA,NA,NA,NA,NA,1595fe12-e6bc-41c7-bf75-c7ba0ac6c555,780f700c-5e7f-49cc-9e75-b72f0f069ad5,NA,Hitting,23360087,-28.68795557,1000503136,"Avdem, Dex",4674.74361,Popup,64.34081,Right,57.34932528,NA,NA,NA,177.74977,23.41072,4.029264745,-30.44463523,NA,NA,NA,NA,NA,NA,NA,NA
92,2025-12-13,14:12:54,NA,NA,NA,NA,NA,NA,Live,NA,NA,NA,NA,NA,NA,NA,NA,NA,NA,NA,NA,NA,NA,NA,NA,NA,NA,NA,NA,NA,NA,NA,NA,NA,NA,NA,NA,NA,NA,7426b087-3dca-434f-ba81-fe615b7e57f3,780f700c-5e7f-49cc-9e75-b72f0f069ad5,NA,Hitting,23360087,-34.18846119,1000503136,"Avdem, Dex",4045.609452,FlyBall,65.99911,Right,37.40160664,NA,NA,NA,208.48376,33.70153,3.507332704,-42.48037829,2.68644,2.2494,-0.03033,NA,NA,NA,NA,NA
93,2025-12-13,14:13:01,NA,NA,NA,NA,NA,NA,Live,NA,NA,NA,NA,NA,NA,NA,NA,NA,NA,NA,NA,NA,NA,NA,NA,NA,NA,NA,NA,NA,NA,NA,NA,NA,NA,NA,NA,NA,NA,61ce51a9-2a21-44b2-85e9-507140b2b3ef,780f700c-5e7f-49cc-9e75-b72f0f069ad5,NA,Hitting,23360087,8.529296306,1000503136,"Avdem, Dex",3056.195744,FlyBall,81.54225,Right,33.23156045,NA,NA,NA,225.98305,57.44201,3.608118473,-8.34556893,3.64735,2.93856,0.02916,NA,NA,NA,NA,NA
94,2025-12-13,14:13:08,NA,NA,NA,NA,NA,NA,Live,NA,NA,NA,NA,NA,NA,NA,NA,NA,NA,NA,NA,NA,NA,NA,NA,NA,NA,NA,NA,NA,NA,NA,NA,NA,NA,NA,NA,NA,NA,4e1a585f-af1b-48c0-9c16-6c2198f0bd57,780f700c-5e7f-49cc-9e75-b72f0f069ad5,NA,Hitting,23360087,3.481150811,1000503136,"Avdem, Dex",1504.999451,GroundBall,78.77491,Right,-3.182368548,NA,NA,NA,26.16015,25.52987,0.2082333601,5.088158074,3.03993,2.45507,0.51508,NA,NA,NA,NA,NA
95,2025-12-13,14:13:14,NA,NA,NA,NA,NA,NA,Live,NA,NA,NA,NA,NA,NA,NA,NA,NA,NA,NA,NA,NA,NA,NA,NA,NA,NA,NA,NA,NA,NA,NA,NA,NA,NA,NA,NA,NA,NA,9e3a1bb5-1540-4606-b69a-e2c63fea1513,780f700c-5e7f-49cc-9e75-b72f0f069ad5,NA,Hitting,23360087,17.03834366,1000503136,"Avdem, Dex",2009.047698,GroundBall,87.95511,Right,-5.860168204,NA,NA,NA,19.19556,20.40446,0.1257829721,14.85173164,NA,NA,NA,NA,NA,NA,NA,NA
96,2025-12-13,14:14:35,NA,NA,NA,NA,NA,NA,Live,NA,NA,NA,NA,NA,NA,NA,NA,NA,NA,NA,NA,NA,NA,NA,NA,NA,NA,NA,NA,NA,NA,NA,NA,NA,NA,NA,NA,NA,NA,b3f59973-bb6d-4573-a378-8caf26fa3198,780f700c-5e7f-49cc-9e75-b72f0f069ad5,NA,Hitting,23360087,-18.87069008,1000503129,"Civello, Griffin",995.6135724,GroundBall,85.29242,Right,6.703215834,NA,NA,NA,74.40549,25.83407,0.6475680507,-17.85344213,NA,NA,NA,NA,NA,NA,NA,NA
97,2025-12-13,14:14:40,NA,NA,NA,NA,NA,NA,Live,NA,NA,NA,NA,NA,NA,NA,NA,NA,NA,NA,NA,NA,NA,NA,NA,NA,NA,NA,NA,NA,NA,NA,NA,NA,NA,NA,NA,NA,NA,6f94b177-58aa-4750-9d3c-1e74dd7e98f0,780f700c-5e7f-49cc-9e75-b72f0f069ad5,NA,Hitting,23360087,-7.423475447,1000503129,"Civello, Griffin",553.6288192,GroundBall,86.2661,Right,7.125164555,NA,NA,NA,126.10962,52.06169,1.117157196,-7.775145743,0.41687,2.49924,-0.1205,NA,NA,NA,NA,NA
98,2025-12-13,14:14:45,NA,NA,NA,NA,NA,NA,Live,NA,NA,NA,NA,NA,NA,NA,NA,NA,NA,NA,NA,NA,NA,NA,NA,NA,NA,NA,NA,NA,NA,NA,NA,NA,NA,NA,NA,NA,NA,e65dcbed-a789-409d-9233-4a974b3adbf9,780f700c-5e7f-49cc-9e75-b72f0f069ad5,NA,Hitting,23360087,-10.87695993,1000503129,"Civello, Griffin",1607.079239,GroundBall,87.38013,Right,-1.875510486,NA,NA,NA,24.40006,25.0169,0.1913964825,-10.16862275,0.79069,1.94923,0.06034,NA,NA,NA,NA,NA
99,2025-12-13,14:14:52,NA,NA,NA,NA,NA,NA,Live,NA,NA,NA,NA,NA,NA,NA,NA,NA,NA,NA,NA,NA,NA,NA,NA,NA,NA,NA,NA,NA,NA,NA,NA,NA,NA,NA,NA,NA,NA,2a447119-d4b9-45d1-9e9a-b1c37209bf0f,780f700c-5e7f-49cc-9e75-b72f0f069ad5,NA,Hitting,23360087,32.88299267,1000503129,"Civello, Griffin",4110.1186960000005,LineDrive,69.63356,Right,10.98706921,NA,NA,NA,157.82548,32.71908,1.992936255,37.16920483,NA,NA,NA,NA,NA,NA,NA,NA
100,2025-12-13,14:15:00,NA,NA,NA,NA,NA,NA,Live,NA,NA,NA,NA,NA,NA,NA,NA,NA,NA,NA,NA,NA,NA,NA,NA,NA,NA,NA,NA,NA,NA,NA,NA,NA,NA,NA,NA,NA,NA,aa795982-132a-402c-b69c-9de6c464fead,780f700c-5e7f-49cc-9e75-b72f0f069ad5,NA,Hitting,23360087,-17.03563917,1000503129,"Civello, Griffin",858.6232914,GroundBall,87.18042,Right,8.385904819,NA,NA,NA,127.68181,48.23614,1.263969286,-7.480247647,1.98659,2.14383,0.19982,NA,NA,NA,NA,NA
101,2025-12-13,14:15:07,NA,NA,NA,NA,NA,NA,Live,NA,NA,NA,NA,NA,NA,NA,NA,NA,NA,NA,NA,NA,NA,NA,NA,NA,NA,NA,NA,NA,NA,NA,NA,NA,NA,NA,NA,NA,NA,5f119063-60c0-4de2-ad7d-7a80bb916bf9,780f700c-5e7f-49cc-9e75-b72f0f069ad5,NA,Hitting,23360087,-17.84575467,1000503129,"Civello, Griffin",661.9828866,LineDrive,89.87835,Right,10.34240445,NA,NA,NA,211.69267,48.76243,2.096946191,-25.90765775,NA,NA,NA,NA,NA,NA,NA,NA
102,2025-12-13,14:15:15,NA,NA,NA,NA,NA,NA,Live,NA,NA,NA,NA,NA,NA,NA,NA,NA,NA,NA,NA,NA,NA,NA,NA,NA,NA,NA,NA,NA,NA,NA,NA,NA,NA,NA,NA,NA,NA,4a9d8b29-b26d-4341-bd0a-e92c54ca1093,780f700c-5e7f-49cc-9e75-b72f0f069ad5,NA,Hitting,23360087,0.1197163627,1000503129,"Civello, Griffin",1672.710134,LineDrive,83.01858,Right,15.79789351,NA,NA,NA,210.72737,47.05263,2.262627103,7.584122532,0.64699,2.37479,0.12734,NA,NA,NA,NA,NA
103,2025-12-13,14:16:07,NA,NA,NA,NA,NA,NA,Live,NA,NA,NA,NA,NA,NA,NA,NA,NA,NA,NA,NA,NA,NA,NA,NA,NA,NA,NA,NA,NA,NA,NA,NA,NA,NA,NA,NA,NA,NA,69a00e68-c891-48ca-82e7-c754fab09d2b,efd86011-5396-48fb-afa1-9ac5c32b0f62,NA,Hitting,23360087,17.95018975,1000503082,"Aguilar, Ty",2995.511422,FlyBall,79.01447,Right,36.9601927,NA,NA,NA,278.88973,42.21949,4.477884689,27.42852316,2.55659,2.88684,0.46501,NA,NA,NA,NA,NA
104,2025-12-13,14:16:23,NA,NA,NA,NA,NA,NA,Live,NA,NA,NA,NA,NA,NA,NA,NA,NA,NA,NA,NA,NA,NA,NA,NA,NA,NA,NA,NA,NA,NA,NA,NA,NA,NA,NA,NA,NA,NA,03f2ebcb-3487-4e65-b1ab-dcf435f1a6aa,efd86011-5396-48fb-afa1-9ac5c32b0f62,NA,Hitting,23360087,-42.06457086,1000503082,"Aguilar, Ty",4931.295665,FlyBall,66.17683,Right,38.26478494,NA,NA,NA,192.8141,28.61107,3.324805059,-52.76847615,1.37158,2.60215,-0.19714,NA,NA,NA,NA,NA
105,2025-12-13,14:16:29,NA,NA,NA,NA,NA,NA,Live,NA,NA,NA,NA,NA,NA,NA,NA,NA,NA,NA,NA,NA,NA,NA,NA,NA,NA,NA,NA,NA,NA,NA,NA,NA,NA,NA,NA,NA,NA,d5a10101-8755-4ffe-9d1d-459a3ad0f764,efd86011-5396-48fb-afa1-9ac5c32b0f62,NA,Hitting,23360087,9.121356544,1000503082,"Aguilar, Ty",3749.29784,FlyBall,73.67679,Right,42.87235674,NA,NA,NA,175.82554,54.7418,4.323012191,-7.832592932,2.57124,2.37635,0.1686,NA,NA,NA,NA,NA
106,2025-12-13,14:16:38,NA,NA,NA,NA,NA,NA,Live,NA,NA,NA,NA,NA,NA,NA,NA,NA,NA,NA,NA,NA,NA,NA,NA,NA,NA,NA,NA,NA,NA,NA,NA,NA,NA,NA,NA,NA,NA,f682d9bc-04db-459e-a55b-12eed11c17f7,efd86011-5396-48fb-afa1-9ac5c32b0f62,NA,Hitting,23360087,16.48450946,1000503082,"Aguilar, Ty",2906.035871,FlyBall,91.035,Right,33.77841986,NA,NA,NA,314.32881,57.06722,4.425105513,30.81417724,2.68785,2.71506,0.09313,NA,NA,NA,NA,NA
107,2025-12-13,14:16:44,NA,NA,NA,NA,NA,NA,Live,NA,NA,NA,NA,NA,NA,NA,NA,NA,NA,NA,NA,NA,NA,NA,NA,NA,NA,NA,NA,NA,NA,NA,NA,NA,NA,NA,NA,NA,NA,e80a5fc2-ff7a-4521-95ac-23fec6725a4c,efd86011-5396-48fb-afa1-9ac5c32b0f62,NA,Hitting,23360087,25.81602135,1000503082,"Aguilar, Ty",2160.327396,GroundBall,96.5245,Right,5.240735331,NA,NA,NA,165.73116,42.27315,1.356757859,23.66032115,NA,NA,NA,NA,NA,NA,NA,NA
108,2025-12-13,14:17:01,NA,NA,NA,NA,NA,NA,Live,NA,NA,NA,NA,NA,NA,NA,NA,NA,NA,NA,NA,NA,NA,NA,NA,NA,NA,NA,NA,NA,NA,NA,NA,NA,NA,NA,NA,NA,NA,ade18a99-3055-4583-bae2-b204cc5f2b11,efd86011-5396-48fb-afa1-9ac5c32b0f62,NA,Hitting,23360087,-27.49958738,1000503079,"Hayes, Mason",4049.828879,Popup,65.88908,Right,55.81720755,NA,NA,NA,184.5081,26.70136,4.955510887,-27.62091032,NA,NA,NA,NA,NA,NA,NA,NA
109,2025-12-13,14:17:36,NA,NA,NA,NA,NA,NA,Live,NA,NA,NA,NA,NA,NA,NA,NA,NA,NA,NA,NA,NA,NA,NA,NA,NA,NA,NA,NA,NA,NA,NA,NA,NA,NA,NA,NA,NA,NA,0f86c9af-59ce-4ef2-9d10-e523eaf69dd5,0efdb291-8cb4-4211-af49-33ea551fb107,NA,Hitting,23360087,15.07657588,1000503079,"Hayes, Mason",909.1711458,LineDrive,90.9938,Right,13.84808869,NA,NA,NA,293.20897,46.88195,3.740870477,15.33794264,3.05917,2.45163,0.76725,NA,NA,NA,NA,NA
110,2025-12-13,14:17:42,NA,NA,NA,NA,NA,NA,Live,NA,NA,NA,NA,NA,NA,NA,NA,NA,NA,NA,NA,NA,NA,NA,NA,NA,NA,NA,NA,NA,NA,NA,NA,NA,NA,NA,NA,NA,NA,a7cfc1d9-7555-4aa2-b483-9b12ce3beca9,0efdb291-8cb4-4211-af49-33ea551fb107,NA,Hitting,23360087,-4.537262584,1000503079,"Hayes, Mason",3275.58047,FlyBall,89.94114,Right,31.43263998,NA,NA,NA,335.50442,46.86365,4.526404144,-13.1030961,2.14277,2.40435,0.2088,NA,NA,NA,NA,NA
111,2025-12-13,14:18:10,NA,NA,NA,NA,NA,NA,Live,NA,NA,NA,NA,NA,NA,NA,NA,NA,NA,NA,NA,NA,NA,NA,NA,NA,NA,NA,NA,NA,NA,NA,NA,NA,NA,NA,NA,NA,NA,efe770e1-38d7-4ce7-8ad6-fb97d7a887e8,0efdb291-8cb4-4211-af49-33ea551fb107,NA,Hitting,23360087,-7.691475508,1000503122,"Campbell, Cooper",1381.235149,GroundBall,86.26323,Right,-2.708528023,NA,NA,NA,34.09588,32.48344,0.2485798045,-6.428023415,NA,NA,NA,NA,NA,NA,NA,NA
112,2025-12-13,14:18:16,NA,NA,NA,NA,NA,NA,Live,NA,NA,NA,NA,NA,NA,NA,NA,NA,NA,NA,NA,NA,NA,NA,NA,NA,NA,NA,NA,NA,NA,NA,NA,NA,NA,NA,NA,NA,NA,2679837f-65a6-4744-9a31-79f973b3339c,0efdb291-8cb4-4211-af49-33ea551fb107,NA,Hitting,23360087,-0.5156877177,1000503122,"Campbell, Cooper",482.2025725,GroundBall,89.73071,Right,2.496920733,NA,NA,NA,92.53666,40.11232,0.7309350472,1.876084155,NA,NA,NA,NA,NA,NA,NA,NA
113,2025-12-13,14:18:21,NA,NA,NA,NA,NA,NA,Live,NA,NA,NA,NA,NA,NA,NA,NA,NA,NA,NA,NA,NA,NA,NA,NA,NA,NA,NA,NA,NA,NA,NA,NA,NA,NA,NA,NA,NA,NA,0d07354c-85c8-4384-bb9f-22e2de020880,0efdb291-8cb4-4211-af49-33ea551fb107,NA,Hitting,23360087,15.8589446,1000503122,"Campbell, Cooper",3205.098277,LineDrive,83.04293,Right,16.44084242,NA,NA,NA,263.04616,49.02407,3.075873081,20.50527974,1.73549,2.6464,0.27088,NA,NA,NA,NA,NA
114,2025-12-13,14:18:33,NA,NA,NA,NA,NA,NA,Live,NA,NA,NA,NA,NA,NA,NA,NA,NA,NA,NA,NA,NA,NA,NA,NA,NA,NA,NA,NA,NA,NA,NA,NA,NA,NA,NA,NA,NA,NA,fd7918ed-f13c-40a3-bb60-61f361d53933,0efdb291-8cb4-4211-af49-33ea551fb107,NA,Hitting,23360087,-6.830988759,1000503122,"Campbell, Cooper",3579.56398,GroundBall,88.89701,Right,-5.038407237,NA,NA,NA,22.55013,21.76437,0.1590532643,-5.19510942,2.45294,2.48781,0.15993,NA,NA,NA,NA,NA
115,2025-12-13,14:18:39,NA,NA,NA,NA,NA,NA,Live,NA,NA,NA,NA,NA,NA,NA,NA,NA,NA,NA,NA,NA,NA,NA,NA,NA,NA,NA,NA,NA,NA,NA,NA,NA,NA,NA,NA,NA,NA,27d35fa8-c0fe-4f78-bce2-11c62a85524d,0efdb291-8cb4-4211-af49-33ea551fb107,NA,Hitting,23360087,-21.00476198,1000503122,"Campbell, Cooper",1823.771984,GroundBall,90.54993,Right,2.726351061,NA,NA,NA,62.70601,22.72621,0.4954849547,-16.49346064,3.49023,2.76986,-0.21634,NA,NA,NA,NA,NA
116,2025-12-13,14:18:54,NA,NA,NA,NA,NA,NA,Live,NA,NA,NA,NA,NA,NA,NA,NA,NA,NA,NA,NA,NA,NA,NA,NA,NA,NA,NA,NA,NA,NA,NA,NA,NA,NA,NA,NA,NA,NA,11ba4cee-5889-4a06-96e9-8029d90b76b6,0efdb291-8cb4-4211-af49-33ea551fb107,NA,Hitting,23360087,-17.09758596,1000503102,"Bosshamer, Jake",2019.299908,FlyBall,79.15123,Right,28.00924597,NA,NA,NA,282.03909,50.36531,4.038355713,-10.09919651,3.27499,2.80549,-0.03571,NA,NA,NA,NA,NA
117,2025-12-13,14:19:05,NA,NA,NA,NA,NA,NA,Live,NA,NA,NA,NA,NA,NA,NA,NA,NA,NA,NA,NA,NA,NA,NA,NA,NA,NA,NA,NA,NA,NA,NA,NA,NA,NA,NA,NA,NA,NA,0491df58-f8d0-44a2-842c-473a8ba487c7,0efdb291-8cb4-4211-af49-33ea551fb107,NA,Hitting,23360087,-12.3330891,1000503102,"Bosshamer, Jake",908.4265662,LineDrive,88.69959,Right,16.27827987,NA,NA,NA,262.00428,47.25901,2.808424688,-20.3239769,2.79462,2.50458,-0.05461,NA,NA,NA,NA,NA
118,2025-12-13,14:19:11,NA,NA,NA,NA,NA,NA,Live,NA,NA,NA,NA,NA,NA,NA,NA,NA,NA,NA,NA,NA,NA,NA,NA,NA,NA,NA,NA,NA,NA,NA,NA,NA,NA,NA,NA,NA,NA,2573e6ee-ac2a-47bb-8fa2-f2adeedcab47,0efdb291-8cb4-4211-af49-33ea551fb107,NA,Hitting,23360087,-5.470300166,1000503102,"Bosshamer, Jake",5873.329239,LineDrive,84.32321,Right,18.58726731,NA,NA,NA,234.85482,29.1528,3.09298746,7.059295038,NA,NA,NA,NA,NA,NA,NA,NA
119,2025-12-13,14:19:18,NA,NA,NA,NA,NA,NA,Live,NA,NA,NA,NA,NA,NA,NA,NA,NA,NA,NA,NA,NA,NA,NA,NA,NA,NA,NA,NA,NA,NA,NA,NA,NA,NA,NA,NA,NA,NA,cf35ce67-c1c3-49cb-b047-401cda638586,0efdb291-8cb4-4211-af49-33ea551fb107,NA,Hitting,23360087,-24.21117986,1000503102,"Bosshamer, Jake",1615.897972,FlyBall,89.98495,Right,26.53505182,NA,NA,NA,318.44334,48.15642,3.637705293,-25.24382855,4.1053,3.02142,-0.47144,NA,NA,NA,NA,NA
120,2025-12-13,14:19:30,NA,NA,NA,NA,NA,NA,Live,NA,NA,NA,NA,NA,NA,NA,NA,NA,NA,NA,NA,NA,NA,NA,NA,NA,NA,NA,NA,NA,NA,NA,NA,NA,NA,NA,NA,NA,NA,3e0f58d3-914a-4ead-9545-5b4dc248889d,0efdb291-8cb4-4211-af49-33ea551fb107,NA,Hitting,23360087,-17.79668475,1000503102,"Bosshamer, Jake",3179.687309,GroundBall,83.78759,Right,-9.349713686,NA,NA,NA,16.73294,15.01328,0.1172146964,-14.55014986,2.93806,2.26015,0.01212,NA,NA,NA,NA,NA
121,2025-12-13,14:21:06,NA,NA,NA,NA,NA,NA,Live,NA,NA,NA,NA,NA,NA,NA,NA,NA,NA,NA,NA,NA,NA,NA,NA,NA,NA,NA,NA,NA,NA,NA,NA,NA,NA,NA,NA,NA,NA,0d20bb0b-0bb4-4647-81c2-60cd0e9673f0,d58bf7b8-1ecc-4db4-b916-b0b19ad171fe,NA,Hitting,23360087,10.34329509,1000503124,"Judkins, Connor",1955.392805,FlyBall,94.56046,Right,28.69127231,NA,NA,NA,346.85885,48.02798,4.844846487,21.19922746,1.92714,3.1227,0.40457,NA,NA,NA,NA,NA
122,2025-12-13,14:21:12,NA,NA,NA,NA,NA,NA,Live,NA,NA,NA,NA,NA,NA,NA,NA,NA,NA,NA,NA,NA,NA,NA,NA,NA,NA,NA,NA,NA,NA,NA,NA,NA,NA,NA,NA,NA,NA,2ae169f4-f1f2-4a6d-9409-cc36850a33ea,d58bf7b8-1ecc-4db4-b916-b0b19ad171fe,NA,Hitting,23360087,27.11501856,1000503124,"Judkins, Connor",2412.830505,GroundBall,86.71776,Right,8.091438288,NA,NA,NA,NA,12.80791,NA,NA,NA,NA,NA,NA,NA,NA,NA,NA
123,2025-12-13,14:21:19,NA,NA,NA,NA,NA,NA,Live,NA,NA,NA,NA,NA,NA,NA,NA,NA,NA,NA,NA,NA,NA,NA,NA,NA,NA,NA,NA,NA,NA,NA,NA,NA,NA,NA,NA,NA,NA,f85a433a-afa9-4528-9dc5-50c0d10b3d22,d58bf7b8-1ecc-4db4-b916-b0b19ad171fe,NA,Hitting,23360087,-39.27942454,1000503124,"Judkins, Connor",5228.551226,FlyBall,69.60744,Right,38.67637022,NA,NA,NA,212.44992,28.63363,3.506339682,-50.11964356,NA,NA,NA,NA,NA,NA,NA,NA
124,2025-12-13,14:21:25,NA,NA,NA,NA,NA,NA,Live,NA,NA,NA,NA,NA,NA,NA,NA,NA,NA,NA,NA,NA,NA,NA,NA,NA,NA,NA,NA,NA,NA,NA,NA,NA,NA,NA,NA,NA,NA,c71fc532-040d-490e-a3a1-ee4bdab9a1a8,d58bf7b8-1ecc-4db4-b916-b0b19ad171fe,NA,Hitting,23360087,12.06476206,1000503124,"Judkins, Connor",3647.151326,GroundBall,90.69037,Right,-4.127261378,NA,NA,NA,17.41266,15.2352,0.1059479631,12.12028431,NA,NA,NA,NA,NA,NA,NA,NA
125,2025-12-13,14:21:32,NA,NA,NA,NA,NA,NA,Live,NA,NA,NA,NA,NA,NA,NA,NA,NA,NA,NA,NA,NA,NA,NA,NA,NA,NA,NA,NA,NA,NA,NA,NA,NA,NA,NA,NA,NA,NA,34af10d8-778c-4069-88a4-aef07b8a3cef,d58bf7b8-1ecc-4db4-b916-b0b19ad171fe,NA,Hitting,23360087,6.797215756,1000503124,"Judkins, Connor",716.7261768,LineDrive,97.23566,Right,19.52742278,NA,NA,NA,186.63675,47.96454,1.678106462,8.792175982,1.95653,2.6289,0.39249,NA,NA,NA,NA,NA
126,2025-12-13,14:21:41,NA,NA,NA,NA,NA,NA,Live,NA,NA,NA,NA,NA,NA,NA,NA,NA,NA,NA,NA,NA,NA,NA,NA,NA,NA,NA,NA,NA,NA,NA,NA,NA,NA,NA,NA,NA,NA,20f9a573-72c7-4f85-a43b-8c26944cee44,d58bf7b8-1ecc-4db4-b916-b0b19ad171fe,NA,Hitting,23360087,-62.11238013,1000503124,"Judkins, Connor",4856.040173,FlyBall,65.4055,Right,33.36792653,NA,NA,NA,156.25159,24.17429,2.538279838,-71.91549426,NA,NA,NA,NA,NA,NA,NA,NA
127,2025-12-13,14:21:47,NA,NA,NA,NA,NA,NA,Live,NA,NA,NA,NA,NA,NA,NA,NA,NA,NA,NA,NA,NA,NA,NA,NA,NA,NA,NA,NA,NA,NA,NA,NA,NA,NA,NA,NA,NA,NA,d00e2d5b-7240-4920-981b-37d7e0a278ee,d58bf7b8-1ecc-4db4-b916-b0b19ad171fe,NA,Hitting,23360087,25.05230772,1000503124,"Judkins, Connor",8747.698992,GroundBall,93.1284,Right,-9.891914401,NA,NA,NA,12.60101,12.22815,0.08644066829,24.82750421,NA,NA,NA,NA,NA,NA,NA,NA
128,2025-12-13,14:21:55,NA,NA,NA,NA,NA,NA,Live,NA,NA,NA,NA,NA,NA,NA,NA,NA,NA,NA,NA,NA,NA,NA,NA,NA,NA,NA,NA,NA,NA,NA,NA,NA,NA,NA,NA,NA,NA,c1458ec7-e0e3-4c7d-9af4-1acd86c0fc1c,d58bf7b8-1ecc-4db4-b916-b0b19ad171fe,NA,Hitting,23360087,15.65029451,1000503124,"Judkins, Connor",1799.402022,LineDrive,98.63229,Right,16.30269861,NA,NA,NA,337.79391,51.54097,3.93334717,24.162543200000002,2.43713,1.03423,0.46615,NA,NA,NA,NA,NA
129,2025-12-13,14:22:10,NA,NA,NA,NA,NA,NA,Live,NA,NA,NA,NA,NA,NA,NA,NA,NA,NA,NA,NA,NA,NA,NA,NA,NA,NA,NA,NA,NA,NA,NA,NA,NA,NA,NA,NA,NA,NA,d6916fd8-0101-4492-8b9f-da4b171b9e59,d58bf7b8-1ecc-4db4-b916-b0b19ad171fe,NA,Hitting,23360087,-17.21739439,1000503129,"Civello, Griffin",2399.849578,GroundBall,87.03935,Right,-4.875361411,NA,NA,NA,22.79731,20.93523,0.184342899,-18.38149423,0.24898,2.54975,0.07044,NA,NA,NA,NA,NA
130,2025-12-13,14:22:16,NA,NA,NA,NA,NA,NA,Live,NA,NA,NA,NA,NA,NA,NA,NA,NA,NA,NA,NA,NA,NA,NA,NA,NA,NA,NA,NA,NA,NA,NA,NA,NA,NA,NA,NA,NA,NA,832d4c96-e77e-45df-a5c3-ee968d27378b,d58bf7b8-1ecc-4db4-b916-b0b19ad171fe,NA,Hitting,23360087,15.54587687,1000503129,"Civello, Griffin",2146.848115,FlyBall,73.14535,Right,30.71042402,NA,NA,NA,240.96539,67.65427,3.552082316,24.16553896,0.03991,2.48888,0.52804,NA,NA,NA,NA,NA
131,2025-12-13,14:22:22,NA,NA,NA,NA,NA,NA,Live,NA,NA,NA,NA,NA,NA,NA,NA,NA,NA,NA,NA,NA,NA,NA,NA,NA,NA,NA,NA,NA,NA,NA,NA,NA,NA,NA,NA,NA,NA,fe6a0dda-bc8c-4efb-8ab9-0d2113fe82ad,d58bf7b8-1ecc-4db4-b916-b0b19ad171fe,NA,Hitting,23360087,-8.826151212,1000503129,"Civello, Griffin",1353.057361,LineDrive,85.58751,Right,10.02142942,NA,NA,NA,154.05754,47.10554,1.446722462,-4.272094187,0.46438,2.3271,-0.0882,NA,NA,NA,NA,NA
132,2025-12-13,14:22:28,NA,NA,NA,NA,NA,NA,Live,NA,NA,NA,NA,NA,NA,NA,NA,NA,NA,NA,NA,NA,NA,NA,NA,NA,NA,NA,NA,NA,NA,NA,NA,NA,NA,NA,NA,NA,NA,a12b585c-e38d-4384-8f5d-aa5d567edfea,d58bf7b8-1ecc-4db4-b916-b0b19ad171fe,NA,Hitting,23360087,-3.216062672,1000503129,"Civello, Griffin",454.4318656,GroundBall,86.84675,Right,1.679610871,NA,NA,NA,46.12076,51.7552,0.3801856017,-1.503486311,0.1347,2.13162,0.28251,NA,NA,NA,NA,NA
133,2025-12-13,14:22:35,NA,NA,NA,NA,NA,NA,Live,NA,NA,NA,NA,NA,NA,NA,NA,NA,NA,NA,NA,NA,NA,NA,NA,NA,NA,NA,NA,NA,NA,NA,NA,NA,NA,NA,NA,NA,NA,198577e3-009b-4506-9d4a-91183842da48,d58bf7b8-1ecc-4db4-b916-b0b19ad171fe,NA,Hitting,23360087,-1.133279472,1000503129,"Civello, Griffin",2126.440535,LineDrive,84.33386,Right,19.99905921,NA,NA,NA,278.83015,46.74606,3.372351454,5.6882286,0.41439,2.73362,0.2433,NA,NA,NA,NA,NA
134,2025-12-13,14:22:46,NA,NA,NA,NA,NA,NA,Live,NA,NA,NA,NA,NA,NA,NA,NA,NA,NA,NA,NA,NA,NA,NA,NA,NA,NA,NA,NA,NA,NA,NA,NA,NA,NA,NA,NA,NA,NA,c93673a9-5400-46ce-9bfc-39b398c82870,d58bf7b8-1ecc-4db4-b916-b0b19ad171fe,NA,Hitting,23360087,0.3870586682,1000503129,"Civello, Griffin",NA,GroundBall,82.12323,Right,-9.267722919,NA,NA,NA,13.28625,13.24151,0.09439307928,1.3005971650000001,NA,NA,NA,NA,NA,NA,NA,NA
135,2025-12-13,14:23:34,NA,NA,NA,NA,NA,NA,Live,NA,NA,NA,NA,NA,NA,NA,NA,NA,NA,NA,NA,NA,NA,NA,NA,NA,NA,NA,NA,NA,NA,NA,NA,NA,NA,NA,NA,NA,NA,5426b10c-d2ce-488c-9f2a-d7b7bb4cdff1,4f804cd0-372f-44d6-8d9e-bfa58ad76608,NA,Hitting,23360087,8.457540032,1000503082,"Aguilar, Ty",2014.57793,FlyBall,91.36392,Right,26.2767495,NA,NA,NA,321.23308,47.62221,3.728583195,15.25959791,NA,NA,NA,NA,NA,NA,NA,NA
136,2025-12-13,14:23:40,NA,NA,NA,NA,NA,NA,Live,NA,NA,NA,NA,NA,NA,NA,NA,NA,NA,NA,NA,NA,NA,NA,NA,NA,NA,NA,NA,NA,NA,NA,NA,NA,NA,NA,NA,NA,NA,88536128-d955-49e7-a15e-23ad4e49d95e,4f804cd0-372f-44d6-8d9e-bfa58ad76608,NA,Hitting,23360087,-20.64865475,1000503082,"Aguilar, Ty",4384.247793,Popup,70.47423,Right,58.93849316,NA,NA,NA,204.28829,24.65636,4.801909608,-13.86733139,NA,NA,NA,NA,NA,NA,NA,NA
137,2025-12-13,14:23:48,NA,NA,NA,NA,NA,NA,Live,NA,NA,NA,NA,NA,NA,NA,NA,NA,NA,NA,NA,NA,NA,NA,NA,NA,NA,NA,NA,NA,NA,NA,NA,NA,NA,NA,NA,NA,NA,4fca8847-694f-4224-ad79-ae3d7a673e75,4f804cd0-372f-44d6-8d9e-bfa58ad76608,NA,Hitting,23360087,-23.13792484,1000503082,"Aguilar, Ty",4873.946012,FlyBall,69.40385,Right,47.1937363,NA,NA,NA,219.43475,29.61223,4.518792295,-32.40120537,2.14647,2.85735,0.24576,NA,NA,NA,NA,NA
138,2025-12-13,14:24:00,NA,NA,NA,NA,NA,NA,Live,NA,NA,NA,NA,NA,NA,NA,NA,NA,NA,NA,NA,NA,NA,NA,NA,NA,NA,NA,NA,NA,NA,NA,NA,NA,NA,NA,NA,NA,NA,602083e7-5f07-45e6-82b9-af7529c95a2f,4f804cd0-372f-44d6-8d9e-bfa58ad76608,NA,Hitting,23360087,-6.562882129,1000503082,"Aguilar, Ty",4124.238062,FlyBall,85.76115,Right,38.9048814,NA,NA,NA,314.74209,37.31968,5.374780816,-9.274360491,1.41178,2.94086,0.1224,NA,NA,NA,NA,NA
139,2025-12-13,14:25:19,NA,NA,NA,NA,NA,NA,Live,NA,NA,NA,NA,NA,NA,NA,NA,NA,NA,NA,NA,NA,NA,NA,NA,NA,NA,NA,NA,NA,NA,NA,NA,NA,NA,NA,NA,NA,NA,4fcf31f1-3f6e-4cf9-946f-541605cd7ab9,24e384c8-dc42-4bb4-a4d2-8125a8bbc539,NA,Hitting,23360087,-24.49273064,1000503079,"Hayes, Mason",3801.743477,FlyBall,81.66287,Right,42.21169656,NA,NA,NA,266.2062,40.48448,5.065951356,-35.9866583,2.22158,2.78582,-0.27229,NA,NA,NA,NA,NA
140,2025-12-13,14:25:31,NA,NA,NA,NA,NA,NA,Live,NA,NA,NA,NA,NA,NA,NA,NA,NA,NA,NA,NA,NA,NA,NA,NA,NA,NA,NA,NA,NA,NA,NA,NA,NA,NA,NA,NA,NA,NA,3ded09cb-417d-40f4-99d4-55b04186e6c1,24e384c8-dc42-4bb4-a4d2-8125a8bbc539,NA,Hitting,23360087,26.80907764,1000503079,"Hayes, Mason",4082.507122,GroundBall,90.13608,Right,-2.970653509,NA,NA,NA,41.1454,15.05158,0.3089499581,23.45983324,2.97055,2.31021,0.34924,NA,NA,NA,NA,NA
141,2025-12-13,14:25:37,NA,NA,NA,NA,NA,NA,Live,NA,NA,NA,NA,NA,NA,NA,NA,NA,NA,NA,NA,NA,NA,NA,NA,NA,NA,NA,NA,NA,NA,NA,NA,NA,NA,NA,NA,NA,NA,f108f278-0a2d-4376-981d-1ce65b1c94ce,24e384c8-dc42-4bb4-a4d2-8125a8bbc539,NA,Hitting,23360087,-8.288435009,1000503079,"Hayes, Mason",4139.880568,Popup,81.44876,Right,54.17353543,NA,NA,NA,200.9834,23.3548,5.845320697,-9.58931403,2.46062,2.96462,0.27993,NA,NA,NA,NA,NA
142,2025-12-13,14:25:51,NA,NA,NA,NA,NA,NA,Live,NA,NA,NA,NA,NA,NA,NA,NA,NA,NA,NA,NA,NA,NA,NA,NA,NA,NA,NA,NA,NA,NA,NA,NA,NA,NA,NA,NA,NA,NA,ca5a1614-885b-4d5c-88d9-d37f8c59de4c,24e384c8-dc42-4bb4-a4d2-8125a8bbc539,NA,Hitting,23360087,-13.25447879,1000503079,"Hayes, Mason",3842.198384,FlyBall,85.16144,Right,34.46409847,NA,NA,NA,321.59724,49.99764,4.527982098,-8.940446408,1.9464,2.55644,0.00575,NA,NA,NA,NA,NA
143,2025-12-13,14:25:56,NA,NA,NA,NA,NA,NA,Live,NA,NA,NA,NA,NA,NA,NA,NA,NA,NA,NA,NA,NA,NA,NA,NA,NA,NA,NA,NA,NA,NA,NA,NA,NA,NA,NA,NA,NA,NA,45089955-e91e-4819-aae1-215666a777c4,24e384c8-dc42-4bb4-a4d2-8125a8bbc539,NA,Hitting,23360087,26.10943755,1000503079,"Hayes, Mason",14174.63202,GroundBall,83.13479,Right,-11.20524532,NA,NA,NA,16.78896,13.68968,0.1219553941,22.04494732,2.60843,3.04328,-0.00363,NA,NA,NA,NA,NA
144,2025-12-13,14:26:06,NA,NA,NA,NA,NA,NA,Live,NA,NA,NA,NA,NA,NA,NA,NA,NA,NA,NA,NA,NA,NA,NA,NA,NA,NA,NA,NA,NA,NA,NA,NA,NA,NA,NA,NA,NA,NA,388402e1-28ee-40e8-a0bf-50c5e2dce1e4,24e384c8-dc42-4bb4-a4d2-8125a8bbc539,NA,Hitting,23360087,-0.2051791819,1000503122,"Campbell, Cooper",1919.8871,GroundBall,92.69859,Right,-7.171802097,NA,NA,NA,22.96138,19.80105,0.1618309641,-0.9107903821,1.84839,2.76779,0.16184,NA,NA,NA,NA,NA
145,2025-12-13,14:26:11,NA,NA,NA,NA,NA,NA,Live,NA,NA,NA,NA,NA,NA,NA,NA,NA,NA,NA,NA,NA,NA,NA,NA,NA,NA,NA,NA,NA,NA,NA,NA,NA,NA,NA,NA,NA,NA,b95ffc8c-902a-43a2-b79a-567f56f6a647,24e384c8-dc42-4bb4-a4d2-8125a8bbc539,NA,Hitting,23360087,-6.164278895,1000503122,"Campbell, Cooper",900.3169818,GroundBall,84.97065,Right,9.22061172,NA,NA,NA,210.27126,47.09962,2.101791664,-5.447034054,2.46375,2.81336,-0.1687,NA,NA,NA,NA,NA
146,2025-12-13,14:26:16,NA,NA,NA,NA,NA,NA,Live,NA,NA,NA,NA,NA,NA,NA,NA,NA,NA,NA,NA,NA,NA,NA,NA,NA,NA,NA,NA,NA,NA,NA,NA,NA,NA,NA,NA,NA,NA,1a8903c7-5398-41dc-a29a-161f7d9721e9,24e384c8-dc42-4bb4-a4d2-8125a8bbc539,NA,Hitting,23360087,-8.96016245,1000503122,"Campbell, Cooper",1012.940363,LineDrive,92.88461,Right,14.48493581,NA,NA,NA,257.76104,46.70345,2.499321635,-3.176717881,NA,NA,NA,NA,NA,NA,NA,NA
147,2025-12-13,14:26:22,NA,NA,NA,NA,NA,NA,Live,NA,NA,NA,NA,NA,NA,NA,NA,NA,NA,NA,NA,NA,NA,NA,NA,NA,NA,NA,NA,NA,NA,NA,NA,NA,NA,NA,NA,NA,NA,06263752-e898-404d-81b6-e148bdd16aa7,24e384c8-dc42-4bb4-a4d2-8125a8bbc539,NA,Hitting,23360087,-2.332057972,1000503122,"Campbell, Cooper",2495.225046,LineDrive,85.76287,Right,19.35776829,NA,NA,NA,279.23113,46.8026,3.39425619,6.727998924,2.83941,2.56819,-0.17891,NA,NA,NA,NA,NA
148,2025-12-13,14:26:28,NA,NA,NA,NA,NA,NA,Live,NA,NA,NA,NA,NA,NA,NA,NA,NA,NA,NA,NA,NA,NA,NA,NA,NA,NA,NA,NA,NA,NA,NA,NA,NA,NA,NA,NA,NA,NA,cd9d6d4e-455c-4cfe-ab28-3a33e02f4fe8,24e384c8-dc42-4bb4-a4d2-8125a8bbc539,NA,Hitting,23360087,20.42284795,1000503122,"Campbell, Cooper",3056.559842,LineDrive,78.98514,Right,14.48081688,NA,NA,NA,225.11846,50.22298,2.708190862,26.79851683,2.15569,2.62529,0.35224,NA,NA,NA,NA,NA
149,2025-12-13,14:26:36,NA,NA,NA,NA,NA,NA,Live,NA,NA,NA,NA,NA,NA,NA,NA,NA,NA,NA,NA,NA,NA,NA,NA,NA,NA,NA,NA,NA,NA,NA,NA,NA,NA,NA,NA,NA,NA,7995ad42-6806-4db7-9de3-c4b0c533eedd,24e384c8-dc42-4bb4-a4d2-8125a8bbc539,NA,Hitting,23360087,27.67961977,1000503122,"Campbell, Cooper",4750.752628,FlyBall,73.86163,Right,33.35544993,NA,NA,NA,217.10429,37.55067,3.489014539,40.98293726,NA,NA,NA,NA,NA,NA,NA,NA
150,2025-12-13,14:26:42,NA,NA,NA,NA,NA,NA,Live,NA,NA,NA,NA,NA,NA,NA,NA,NA,NA,NA,NA,NA,NA,NA,NA,NA,NA,NA,NA,NA,NA,NA,NA,NA,NA,NA,NA,NA,NA,b395b40c-7062-47ff-a198-6f631ac89086,24e384c8-dc42-4bb4-a4d2-8125a8bbc539,NA,Hitting,23360087,-23.19429361,1000503122,"Campbell, Cooper",1789.068853,GroundBall,87.44088,Right,2.03724926,NA,NA,NA,48.62507,16.67394,0.3735886162,-20.8284411,NA,NA,NA,NA,NA,NA,NA,NA
151,2025-12-13,14:26:48,NA,NA,NA,NA,NA,NA,Live,NA,NA,NA,NA,NA,NA,NA,NA,NA,NA,NA,NA,NA,NA,NA,NA,NA,NA,NA,NA,NA,NA,NA,NA,NA,NA,NA,NA,NA,NA,c0d8c0e6-d1f2-4507-a0dd-2d8d2e6152a6,24e384c8-dc42-4bb4-a4d2-8125a8bbc539,NA,Hitting,23360087,7.634501578,1000503122,"Campbell, Cooper",2490.322133,LineDrive,87.56161,Right,15.24781491,NA,NA,NA,259.6298,47.38381,2.823320807,15.28969946,2.53495,2.79507,0.16579,NA,NA,NA,NA,NA
152,2025-12-13,14:27:12,NA,NA,NA,NA,NA,NA,Live,NA,NA,NA,NA,NA,NA,NA,NA,NA,NA,NA,NA,NA,NA,NA,NA,NA,NA,NA,NA,NA,NA,NA,NA,NA,NA,NA,NA,NA,NA,4ed52107-d3ac-412b-995a-94920d959bad,24e384c8-dc42-4bb4-a4d2-8125a8bbc539,NA,Hitting,23360087,-12.88992408,1000503102,"Bosshamer, Jake",1213.08002,LineDrive,88.52987,Right,12.70121003,NA,NA,NA,245.8697,25.68151,3.070634461,-2.88726863,NA,NA,NA,NA,NA,NA,NA,NA
153,2025-12-13,14:27:18,NA,NA,NA,NA,NA,NA,Live,NA,NA,NA,NA,NA,NA,NA,NA,NA,NA,NA,NA,NA,NA,NA,NA,NA,NA,NA,NA,NA,NA,NA,NA,NA,NA,NA,NA,NA,NA,9e81dffe-f7c8-49a9-b037-52b3036261eb,24e384c8-dc42-4bb4-a4d2-8125a8bbc539,NA,Hitting,23360087,-11.65518408,1000503102,"Bosshamer, Jake",2105.502985,FlyBall,89.84982,Right,27.24357473,NA,NA,NA,344.47251,47.39599,4.367520227,-14.4617202,3.6805,2.67394,0.06021,NA,NA,NA,NA,NA
154,2025-12-13,14:27:24,NA,NA,NA,NA,NA,NA,Live,NA,NA,NA,NA,NA,NA,NA,NA,NA,NA,NA,NA,NA,NA,NA,NA,NA,NA,NA,NA,NA,NA,NA,NA,NA,NA,NA,NA,NA,NA,1d330328-715f-4bb1-98d1-82f0e322c6c3,24e384c8-dc42-4bb4-a4d2-8125a8bbc539,NA,Hitting,23360087,-18.91782871,1000503102,"Bosshamer, Jake",1190.844715,GroundBall,89.82673,Right,7.8231798,NA,NA,NA,105.26686,48.06928,0.9190261359,-24.01886649,3.11636,2.52838,0.25602,NA,NA,NA,NA,NA
155,2025-12-13,14:27:30,NA,NA,NA,NA,NA,NA,Live,NA,NA,NA,NA,NA,NA,NA,NA,NA,NA,NA,NA,NA,NA,NA,NA,NA,NA,NA,NA,NA,NA,NA,NA,NA,NA,NA,NA,NA,NA,07a8e599-9dda-4060-a6a9-078fa39d761b,24e384c8-dc42-4bb4-a4d2-8125a8bbc539,NA,Hitting,23360087,-20.98102999,1000503102,"Bosshamer, Jake",1830.172755,GroundBall,88.67704,Right,8.166973131,NA,NA,NA,194.01136,24.45219,2.206847512,-31.58149132,3.43786,2.56365,0.02885,NA,NA,NA,NA,NA
156,2025-12-13,14:27:39,NA,NA,NA,NA,NA,NA,Live,NA,NA,NA,NA,NA,NA,NA,NA,NA,NA,NA,NA,NA,NA,NA,NA,NA,NA,NA,NA,NA,NA,NA,NA,NA,NA,NA,NA,NA,NA,0e972e13-9d66-442d-9ada-1221fd75bbc9,24e384c8-dc42-4bb4-a4d2-8125a8bbc539,NA,Hitting,23360087,3.631818484,1000503102,"Bosshamer, Jake",2817.476298,FlyBall,86.52545,Right,26.79939534,NA,NA,NA,320.78746,46.97914,4.530287783,8.573401858,3.26333,2.49711,0.36495,NA,NA,NA,NA,NA
157,2025-12-13,14:27:45,NA,NA,NA,NA,NA,NA,Live,NA,NA,NA,NA,NA,NA,NA,NA,NA,NA,NA,NA,NA,NA,NA,NA,NA,NA,NA,NA,NA,NA,NA,NA,NA,NA,NA,NA,NA,NA,d3f59e62-e37b-472f-86b6-5cd6c684c1b1,24e384c8-dc42-4bb4-a4d2-8125a8bbc539,NA,Hitting,23360087,9.635899739,1000503102,"Bosshamer, Jake",4063.922168,Popup,71.62835,Right,63.73317513,NA,NA,NA,167.03484,18.84914,5.486744761,16.45332615,3.48426,3.05936,0.11898,NA,NA,NA,NA,NA
158,2025-12-13,14:27:52,NA,NA,NA,NA,NA,NA,Live,NA,NA,NA,NA,NA,NA,NA,NA,NA,NA,NA,NA,NA,NA,NA,NA,NA,NA,NA,NA,NA,NA,NA,NA,NA,NA,NA,NA,NA,NA,2b517756-5fd0-4290-b82d-b6b9463fd4ab,24e384c8-dc42-4bb4-a4d2-8125a8bbc539,NA,Hitting,23360087,-16.41883133,1000503102,"Bosshamer, Jake",2719.273385,GroundBall,87.5597,Right,-3.181867578,NA,NA,NA,29.81428,24.38364,0.2179085551,-13.18526727,3.1879,2.23497,-0.10438,NA,NA,NA,NA,NA
159,2025-12-13,14:28:07,NA,NA,NA,NA,NA,NA,Live,NA,NA,NA,NA,NA,NA,NA,NA,NA,NA,NA,NA,NA,NA,NA,NA,NA,NA,NA,NA,NA,NA,NA,NA,NA,NA,NA,NA,NA,NA,14a35bb3-2f94-49f6-a066-931c8501fa09,24e384c8-dc42-4bb4-a4d2-8125a8bbc539,NA,Hitting,23360087,8.57900833,1000503105,"McGinnis, Brett",899.2744146,LineDrive,93.0936,Right,11.9493882,NA,NA,NA,182.404,46.31519,1.679924384,9.127512743e-4,1.91014,2.48975,0.30025,NA,NA,NA,NA,NA
160,2025-12-13,14:28:12,NA,NA,NA,NA,NA,NA,Live,NA,NA,NA,NA,NA,NA,NA,NA,NA,NA,NA,NA,NA,NA,NA,NA,NA,NA,NA,NA,NA,NA,NA,NA,NA,NA,NA,NA,NA,NA,db12c6b1-ecfd-4392-8657-e26a9cb6517d,24e384c8-dc42-4bb4-a4d2-8125a8bbc539,NA,Hitting,23360087,33.81527361,1000503105,"McGinnis, Brett",NA,GroundBall,69.77429,Right,-8.439791749,NA,NA,NA,18.55259,10.26142,0.1583004149,27.85648471,3.29108,2.64512,0.28997,NA,NA,NA,NA,NA
161,2025-12-13,14:28:17,NA,NA,NA,NA,NA,NA,Live,NA,NA,NA,NA,NA,NA,NA,NA,NA,NA,NA,NA,NA,NA,NA,NA,NA,NA,NA,NA,NA,NA,NA,NA,NA,NA,NA,NA,NA,NA,f6ca276a-dec3-4fcd-86c0-d240b72bde9f,24e384c8-dc42-4bb4-a4d2-8125a8bbc539,NA,Hitting,23360087,27.58083551,1000503105,"McGinnis, Brett",2340.002842,GroundBall,80.31635,Right,4.796311344,NA,NA,NA,NA,11.28538,NA,NA,3.11195,2.52309,0.32558,NA,NA,NA,NA,NA
162,2025-12-13,14:28:24,NA,NA,NA,NA,NA,NA,Live,NA,NA,NA,NA,NA,NA,NA,NA,NA,NA,NA,NA,NA,NA,NA,NA,NA,NA,NA,NA,NA,NA,NA,NA,NA,NA,NA,NA,NA,NA,83e21c16-1569-4dac-9bf1-1ecec0121049,24e384c8-dc42-4bb4-a4d2-8125a8bbc539,NA,Hitting,23360087,35.81031026,1000503105,"McGinnis, Brett",4749.15858,GroundBall,81.86801,Right,-10.4903455,NA,NA,NA,14.92424,15.28422,0.1073107541,29.94416224,2.92674,2.52365,0.03994,NA,NA,NA,NA,NA
163,2025-12-13,14:28:38,NA,NA,NA,NA,NA,NA,Live,NA,NA,NA,NA,NA,NA,NA,NA,NA,NA,NA,NA,NA,NA,NA,NA,NA,NA,NA,NA,NA,NA,NA,NA,NA,NA,NA,NA,NA,NA,7dfc0f58-ca18-4ddc-86e9-3d317e6f9034,24e384c8-dc42-4bb4-a4d2-8125a8bbc539,NA,Hitting,23360087,10.14247672,1000503105,"McGinnis, Brett",1000.18784,LineDrive,90.51056,Right,17.06568839,NA,NA,NA,NA,13.17356,NA,NA,NA,NA,NA,NA,NA,NA,NA,NA
164,2025-12-13,14:28:53,NA,NA,NA,NA,NA,NA,Live,NA,NA,NA,NA,NA,NA,NA,NA,NA,NA,NA,NA,NA,NA,NA,NA,NA,NA,NA,NA,NA,NA,NA,NA,NA,NA,NA,NA,NA,NA,52b05010-b00e-445c-8397-558d473e9898,24e384c8-dc42-4bb4-a4d2-8125a8bbc539,NA,Hitting,23360087,8.643562071,1000503105,"McGinnis, Brett",2115.076076,LineDrive,94.32714,Right,22.94226126,NA,NA,NA,318.73283,46.79097,4.092370659,-4.123376507,2.78759,2.64474,0.31998,NA,NA,NA,NA,NA
165,2025-12-13,14:29:10,NA,NA,NA,NA,NA,NA,Live,NA,NA,NA,NA,NA,NA,NA,NA,NA,NA,NA,NA,NA,NA,NA,NA,NA,NA,NA,NA,NA,NA,NA,NA,NA,NA,NA,NA,NA,NA,fe88bda2-f4b6-475b-a6c3-2b28ba40d16b,24e384c8-dc42-4bb4-a4d2-8125a8bbc539,NA,Hitting,23360087,26.85482134,1000503124,"Judkins, Connor",NA,LineDrive,96.26101,Right,10.10232914,NA,NA,NA,NA,14.48631,NA,NA,3.09704,2.81871,0.25357,NA,NA,NA,NA,NA
166,2025-12-13,14:29:16,NA,NA,NA,NA,NA,NA,Live,NA,NA,NA,NA,NA,NA,NA,NA,NA,NA,NA,NA,NA,NA,NA,NA,NA,NA,NA,NA,NA,NA,NA,NA,NA,NA,NA,NA,NA,NA,e228609c-5c73-4196-a1b0-af4f192bd589,24e384c8-dc42-4bb4-a4d2-8125a8bbc539,NA,Hitting,23360087,8.887679053,1000503124,"Judkins, Connor",1724.674558,LineDrive,96.83462,Right,24.60717734,NA,NA,NA,367.74355,47.97063,5.011928134,12.1461112,NA,NA,NA,NA,NA,NA,NA,NA
167,2025-12-13,14:29:28,NA,NA,NA,NA,NA,NA,Live,NA,NA,NA,NA,NA,NA,NA,NA,NA,NA,NA,NA,NA,NA,NA,NA,NA,NA,NA,NA,NA,NA,NA,NA,NA,NA,NA,NA,NA,NA,cbd3aa34-67f1-48a5-b1c3-bebad8aa547e,24e384c8-dc42-4bb4-a4d2-8125a8bbc539,NA,Hitting,23360087,-32.79695925,1000503124,"Judkins, Connor",4563.908388,FlyBall,72.12917,Right,39.94560263,NA,NA,NA,228.00628,34.03391,3.458617153,-34.76625499,1.72926,0.61201,0.11668,NA,NA,NA,NA,NA
168,2025-12-13,14:29:54,NA,NA,NA,NA,NA,NA,Live,NA,NA,NA,NA,NA,NA,NA,NA,NA,NA,NA,NA,NA,NA,NA,NA,NA,NA,NA,NA,NA,NA,NA,NA,NA,NA,NA,NA,NA,NA,cddf6a24-dc6d-4592-8c04-9fc6949e634a,24e384c8-dc42-4bb4-a4d2-8125a8bbc539,NA,Hitting,23360087,17.18865981,1000503124,"Judkins, Connor",1306.238822,GroundBall,99.17869,Right,8.654798681,NA,NA,NA,134.74206,27.38599,1.162870723,8.252260438,2.36811,2.57853,0.78288,NA,NA,NA,NA,NA
169,2025-12-13,14:31:50,NA,NA,NA,NA,NA,NA,Live,NA,NA,NA,NA,NA,NA,NA,NA,NA,NA,NA,NA,NA,NA,NA,NA,NA,NA,NA,NA,NA,NA,NA,NA,NA,NA,NA,NA,NA,NA,b864c863-c27f-4acd-a55b-f497218ba9ce,24e384c8-dc42-4bb4-a4d2-8125a8bbc539,NA,Hitting,23360087,-8.389900257,1000396324,"Reveret, Bo",1026.745024,LineDrive,97.32408,Right,18.88620208,NA,NA,NA,338.51712,47.69897,3.540244592,-6.060251951,NA,NA,NA,NA,NA,NA,NA,NA
170,2025-12-13,14:31:56,NA,NA,NA,NA,NA,NA,Live,NA,NA,NA,NA,NA,NA,NA,NA,NA,NA,NA,NA,NA,NA,NA,NA,NA,NA,NA,NA,NA,NA,NA,NA,NA,NA,NA,NA,NA,NA,41342c6e-5bcc-4a45-bbfe-a3a2b23f6c67,24e384c8-dc42-4bb4-a4d2-8125a8bbc539,NA,Hitting,23360087,-5.199504461,1000396324,"Reveret, Bo",1847.29059,FlyBall,92.86309,Right,25.82118948,NA,NA,NA,355.54097,47.05912,4.840582993,-3.01919685,1.90209,2.40329,0.26993,NA,NA,NA,NA,NA
171,2025-12-13,14:32:03,NA,NA,NA,NA,NA,NA,Live,NA,NA,NA,NA,NA,NA,NA,NA,NA,NA,NA,NA,NA,NA,NA,NA,NA,NA,NA,NA,NA,NA,NA,NA,NA,NA,NA,NA,NA,NA,5466a2c9-e908-4a3a-a836-985c4d1a8791,24e384c8-dc42-4bb4-a4d2-8125a8bbc539,NA,Hitting,23360087,23.95352809,1000396324,"Reveret, Bo",4397.202653,FlyBall,86.78642,Right,34.55173181,NA,NA,NA,316.55071,41.65442,4.732120582,33.93659122,1.03948,2.71105,0.62831,NA,NA,NA,NA,NA
172,2025-12-13,14:32:10,NA,NA,NA,NA,NA,NA,Live,NA,NA,NA,NA,NA,NA,NA,NA,NA,NA,NA,NA,NA,NA,NA,NA,NA,NA,NA,NA,NA,NA,NA,NA,NA,NA,NA,NA,NA,NA,fc47b44c-dac2-4571-89c9-26d78a566a18,24e384c8-dc42-4bb4-a4d2-8125a8bbc539,NA,Hitting,23360087,-29.61781969,1000396324,"Reveret, Bo",2901.420402,GroundBall,95.25043,Right,5.746935161,NA,NA,NA,136.81951,39.2947,1.092233971,-29.86607179,NA,NA,NA,NA,NA,NA,NA,NA
173,2025-12-13,14:32:16,NA,NA,NA,NA,NA,NA,Live,NA,NA,NA,NA,NA,NA,NA,NA,NA,NA,NA,NA,NA,NA,NA,NA,NA,NA,NA,NA,NA,NA,NA,NA,NA,NA,NA,NA,NA,NA,7cd0e1d1-4fcc-4b37-8401-aee3e61d3876,24e384c8-dc42-4bb4-a4d2-8125a8bbc539,NA,Hitting,23360087,-8.058458063,1000396324,"Reveret, Bo",1959.40989,FlyBall,96.64983,Right,27.31188121,NA,NA,NA,351.46277,46.70576,4.527356794,4.00680669,1.737,2.62145,0.084,NA,NA,NA,NA,NA
174,2025-12-13,14:32:48,NA,NA,NA,NA,NA,NA,Live,NA,NA,NA,NA,NA,NA,NA,NA,NA,NA,NA,NA,NA,NA,NA,NA,NA,NA,NA,NA,NA,NA,NA,NA,NA,NA,NA,NA,NA,NA,e036fa93-089f-4e64-909d-ed34113ab219,24e384c8-dc42-4bb4-a4d2-8125a8bbc539,NA,Hitting,23360087,20.03335613,1000503153,"Hilliard, Jaidon",2569.0913,FlyBall,80.28561,Right,31.96443237,NA,NA,NA,275.09458,56.51124,4.709031361,19.33997079,NA,NA,NA,NA,NA,NA,NA,NA
175,2025-12-13,14:33:07,NA,NA,NA,NA,NA,NA,Live,NA,NA,NA,NA,NA,NA,NA,NA,NA,NA,NA,NA,NA,NA,NA,NA,NA,NA,NA,NA,NA,NA,NA,NA,NA,NA,NA,NA,NA,NA,a4b86428-835c-4094-9af2-28e4fc17069d,24e384c8-dc42-4bb4-a4d2-8125a8bbc539,NA,Hitting,23360087,21.67186307,1000503153,"Hilliard, Jaidon",1969.528246,FlyBall,92.66977,Right,26.72880552,NA,NA,NA,315.04398,41.21498,4.226110894,35.3851211,2.96491,2.95474,0.6837,NA,NA,NA,NA,NA
176,2025-12-13,14:33:27,NA,NA,NA,NA,NA,NA,Live,NA,NA,NA,NA,NA,NA,NA,NA,NA,NA,NA,NA,NA,NA,NA,NA,NA,NA,NA,NA,NA,NA,NA,NA,NA,NA,NA,NA,NA,NA,29fbd4f1-7c3c-4ba0-adc8-03d50f1a8efe,24e384c8-dc42-4bb4-a4d2-8125a8bbc539,NA,Hitting,23360087,9.49659459,1000503153,"Hilliard, Jaidon",1704.099549,FlyBall,94.89948,Right,27.10027395,NA,NA,NA,372.64785,47.54565,4.801564226,12.20949782,3.05907,2.86736,0.443,NA,NA,NA,NA,NA
177,2025-12-13,14:34:00,NA,NA,NA,NA,NA,NA,Live,NA,NA,NA,NA,NA,NA,NA,NA,NA,NA,NA,NA,NA,NA,NA,NA,NA,NA,NA,NA,NA,NA,NA,NA,NA,NA,NA,NA,NA,NA,51dc6a86-49df-4dec-8242-6d66b585132a,24e384c8-dc42-4bb4-a4d2-8125a8bbc539,NA,Hitting,23360087,-8.933708205,1000503076,"Miner II, Scott",3112.82811,GroundBall,83.8301,Right,-13.57338216,NA,NA,NA,12.03496,10.93774,0.07730862603,-7.275159646,NA,NA,NA,NA,NA,NA,NA,NA
178,2025-12-13,14:34:11,NA,NA,NA,NA,NA,NA,Live,NA,NA,NA,NA,NA,NA,NA,NA,NA,NA,NA,NA,NA,NA,NA,NA,NA,NA,NA,NA,NA,NA,NA,NA,NA,NA,NA,NA,NA,NA,8748ac10-53f3-4d52-b48b-c51718f69861,24e384c8-dc42-4bb4-a4d2-8125a8bbc539,NA,Hitting,23360087,-7.433442206,1000503076,"Miner II, Scott",373.2331954,GroundBall,97.03338,Right,8.807783916,NA,NA,NA,117.21236,46.94459,0.9117248961,-6.190620169,2.61648,2.20997,0.09046,NA,NA,NA,NA,NA
179,2025-12-13,14:34:17,NA,NA,NA,NA,NA,NA,Live,NA,NA,NA,NA,NA,NA,NA,NA,NA,NA,NA,NA,NA,NA,NA,NA,NA,NA,NA,NA,NA,NA,NA,NA,NA,NA,NA,NA,NA,NA,cc7a7104-7e78-4310-8c00-cb0c40f10aa0,24e384c8-dc42-4bb4-a4d2-8125a8bbc539,NA,Hitting,23360087,-15.45737002,1000503076,"Miner II, Scott",234.137629,LineDrive,96.38153,Right,15.41746879,NA,NA,NA,250.77899,46.35011,3.188384991,-31.15766652,2.94969,2.64273,-0.0698,NA,NA,NA,NA,NA
180,2025-12-13,14:34:24,NA,NA,NA,NA,NA,NA,Live,NA,NA,NA,NA,NA,NA,NA,NA,NA,NA,NA,NA,NA,NA,NA,NA,NA,NA,NA,NA,NA,NA,NA,NA,NA,NA,NA,NA,NA,NA,e8dbd1ac-f874-45c9-9040-91820f58d679,24e384c8-dc42-4bb4-a4d2-8125a8bbc539,NA,Hitting,23360087,9.642149438,1000503076,"Miner II, Scott",1648.79813,GroundBall,93.23253,Right,-1.968799903,NA,NA,NA,33.58998,32.50704,0.2319238136,10.1554555,2.72511,2.17497,0.57145,NA,NA,NA,NA,NA
181,2025-12-13,14:34:42,NA,NA,NA,NA,NA,NA,Live,NA,NA,NA,NA,NA,NA,NA,NA,NA,NA,NA,NA,NA,NA,NA,NA,NA,NA,NA,NA,NA,NA,NA,NA,NA,NA,NA,NA,NA,NA,80fe1f9a-1f3b-482e-b695-ddc9c5076d2c,24e384c8-dc42-4bb4-a4d2-8125a8bbc539,NA,Hitting,23360087,-2.375198495,1000503076,"Miner II, Scott",602.3344278,LineDrive,86.41338,Right,14.59117428,NA,NA,NA,220.46797,46.61606,2.27896948,-10.46429313,3.15623,2.84143,0.54756,NA,NA,NA,NA,NA
182,2025-12-13,14:35:02,NA,NA,NA,NA,NA,NA,Live,NA,NA,NA,NA,NA,NA,NA,NA,NA,NA,NA,NA,NA,NA,NA,NA,NA,NA,NA,NA,NA,NA,NA,NA,NA,NA,NA,NA,NA,NA,c8597042-c616-45df-819f-d64815e5cf78,24e384c8-dc42-4bb4-a4d2-8125a8bbc539,NA,Hitting,23360087,-11.77822242,1000503142,"Anthony, Levi",2282.525238,GroundBall,94.7912,Right,-4.139890454,NA,NA,NA,21.77815,21.47245,0.1489307392,-10.45915197,1.92302,2.24487,0.26518,NA,NA,NA,NA,NA
183,2025-12-13,14:35:21,NA,NA,NA,NA,NA,NA,Live,NA,NA,NA,NA,NA,NA,NA,NA,NA,NA,NA,NA,NA,NA,NA,NA,NA,NA,NA,NA,NA,NA,NA,NA,NA,NA,NA,NA,NA,NA,89d21465-fe03-4148-a776-a476ae03c044,24e384c8-dc42-4bb4-a4d2-8125a8bbc539,NA,Hitting,23360087,4.993067321,1000503142,"Anthony, Levi",4002.545905,FlyBall,90.11642,Right,38.00686807,NA,NA,NA,319.07818,38.79545,4.965215105,18.30019097,1.88893,2.76081,0.2149,NA,NA,NA,NA,NA
184,2025-12-13,14:35:30,NA,NA,NA,NA,NA,NA,Live,NA,NA,NA,NA,NA,NA,NA,NA,NA,NA,NA,NA,NA,NA,NA,NA,NA,NA,NA,NA,NA,NA,NA,NA,NA,NA,NA,NA,NA,NA,d486776c-dba3-48e5-8db9-8c0b48fa886e,24e384c8-dc42-4bb4-a4d2-8125a8bbc539,NA,Hitting,23360087,-20.07889571,1000503142,"Anthony, Levi",3339.734555,GroundBall,91.77145,Right,-2.702763552,NA,NA,NA,82.28684,20.05689,0.6813332499,-18.53895597,1.92008,3.14431,0.32634,NA,NA,NA,NA,NA
185,2025-12-13,14:35:43,NA,NA,NA,NA,NA,NA,Live,NA,NA,NA,NA,NA,NA,NA,NA,NA,NA,NA,NA,NA,NA,NA,NA,NA,NA,NA,NA,NA,NA,NA,NA,NA,NA,NA,NA,NA,NA,2549efe2-2113-4c0c-952e-bab6a8e05ffa,24e384c8-dc42-4bb4-a4d2-8125a8bbc539,NA,Hitting,23360087,4.217266854,1000503142,"Anthony, Levi",2752.639376,LineDrive,88.92128,Right,25.13042333,NA,NA,NA,326.13702,47.37321,4.484084537,10.47359322,1.91288,2.626,0.10486,NA,NA,NA,NA,NA
186,2025-12-13,14:35:50,NA,NA,NA,NA,NA,NA,Live,NA,NA,NA,NA,NA,NA,NA,NA,NA,NA,NA,NA,NA,NA,NA,NA,NA,NA,NA,NA,NA,NA,NA,NA,NA,NA,NA,NA,NA,NA,faec6a0a-2fa4-4173-b203-0c90b9d839dd,24e384c8-dc42-4bb4-a4d2-8125a8bbc539,NA,Hitting,23360087,-12.03446138,1000503142,"Anthony, Levi",316.9320265,LineDrive,97.15523,Right,14.34876192,NA,NA,NA,334.02121,47.36447,3.852666565,-6.437174261,NA,NA,NA,NA,NA,NA,NA,NA
187,2025-12-13,14:36:02,NA,NA,NA,NA,NA,NA,Live,NA,NA,NA,NA,NA,NA,NA,NA,NA,NA,NA,NA,NA,NA,NA,NA,NA,NA,NA,NA,NA,NA,NA,NA,NA,NA,NA,NA,NA,NA,83088558-94c3-4d94-9cea-55d7c9360f1a,24e384c8-dc42-4bb4-a4d2-8125a8bbc539,NA,Hitting,23360087,9.677713723,1000503101,"Holmstrom, Ryder",1914.467722,GroundBall,84.43573,Right,5.669180608,NA,NA,NA,116.17821000000001,47.34421,1.05424766,14.6158791,2.12592,2.57919,0.33848,NA,NA,NA,NA,NA
188,2025-12-13,14:36:14,NA,NA,NA,NA,NA,NA,Live,NA,NA,NA,NA,NA,NA,NA,NA,NA,NA,NA,NA,NA,NA,NA,NA,NA,NA,NA,NA,NA,NA,NA,NA,NA,NA,NA,NA,NA,NA,37147706-7fd9-4b78-83ac-54c638b2e87d,24e384c8-dc42-4bb4-a4d2-8125a8bbc539,NA,Hitting,23360087,8.829905766,1000503101,"Holmstrom, Ryder",4051.620645,FlyBall,75.37019,Right,49.63423542,NA,NA,NA,255.75346,27.80227,4.784469376,12.46241613,2.83773,2.64005,0.41947,NA,NA,NA,NA,NA
189,2025-12-13,14:36:20,NA,NA,NA,NA,NA,NA,Live,NA,NA,NA,NA,NA,NA,NA,NA,NA,NA,NA,NA,NA,NA,NA,NA,NA,NA,NA,NA,NA,NA,NA,NA,NA,NA,NA,NA,NA,NA,95e709cf-50f1-4303-9490-2db9fdf93d2d,24e384c8-dc42-4bb4-a4d2-8125a8bbc539,NA,Hitting,23360087,14.10914893,1000503101,"Holmstrom, Ryder",4326.423639,FlyBall,80.44868,Right,36.44192939,NA,NA,NA,226.21475,46.9997,3.785905256,30.75436282,2.79671,2.54333,0.48445,NA,NA,NA,NA,NA
190,2025-12-13,14:36:28,NA,NA,NA,NA,NA,NA,Live,NA,NA,NA,NA,NA,NA,NA,NA,NA,NA,NA,NA,NA,NA,NA,NA,NA,NA,NA,NA,NA,NA,NA,NA,NA,NA,NA,NA,NA,NA,e5855643-0b96-492b-92d8-63c891634f67,24e384c8-dc42-4bb4-a4d2-8125a8bbc539,NA,Hitting,23360087,-24.47754881,1000503101,"Holmstrom, Ryder",1151.267915,LineDrive,91.7222,Right,14.27054338,NA,NA,NA,214.0613,41.48749,1.946266272,-25.24483465,NA,NA,NA,NA,NA,NA,NA,NA
191,2025-12-13,14:36:34,NA,NA,NA,NA,NA,NA,Live,NA,NA,NA,NA,NA,NA,NA,NA,NA,NA,NA,NA,NA,NA,NA,NA,NA,NA,NA,NA,NA,NA,NA,NA,NA,NA,NA,NA,NA,NA,d37c97ba-8c0b-42fb-9899-f4e5e28313ef,24e384c8-dc42-4bb4-a4d2-8125a8bbc539,NA,Hitting,23360087,-22.36363325,1000503101,"Holmstrom, Ryder",3884.382304,GroundBall,89.49139,Right,-11.72356309,NA,NA,NA,14.07773,11.32145,0.09126582711,-18.18611266,2.68075,2.39586,0.03131,NA,NA,NA,NA,NA
192,2025-12-13,14:36:40,NA,NA,NA,NA,NA,NA,Live,NA,NA,NA,NA,NA,NA,NA,NA,NA,NA,NA,NA,NA,NA,NA,NA,NA,NA,NA,NA,NA,NA,NA,NA,NA,NA,NA,NA,NA,NA,b359a7c5-9204-474b-aadc-1efebca4ef0d,24e384c8-dc42-4bb4-a4d2-8125a8bbc539,NA,Hitting,23360087,-22.76007749,1000503101,"Holmstrom, Ryder",2521.410998,GroundBall,82.13324,Right,-0.4446814683,NA,NA,NA,43.71884,19.81201,0.360081603,-17.98048687,3.62658,2.52161,0.18457,NA,NA,NA,NA,NA
193,2025-12-13,14:36:46,NA,NA,NA,NA,NA,NA,Live,NA,NA,NA,NA,NA,NA,NA,NA,NA,NA,NA,NA,NA,NA,NA,NA,NA,NA,NA,NA,NA,NA,NA,NA,NA,NA,NA,NA,NA,NA,97624727-2804-4095-8893-fb514fd4167b,24e384c8-dc42-4bb4-a4d2-8125a8bbc539,NA,Hitting,23360087,-20.20408523,1000503101,"Holmstrom, Ryder",2615.192311,GroundBall,84.30864,Right,0.3238118117,NA,NA,NA,58.43985,17.54875,0.4889690749,-15.71869419,3.60976,2.92102,-0.50272,NA,NA,NA,NA,NA
194,2025-12-13,14:37:06,NA,NA,NA,NA,NA,NA,Live,NA,NA,NA,NA,NA,NA,NA,NA,NA,NA,NA,NA,NA,NA,NA,NA,NA,NA,NA,NA,NA,NA,NA,NA,NA,NA,NA,NA,NA,NA,e46bc6ec-e4e9-42d7-8000-e76c57c0f550,24e384c8-dc42-4bb4-a4d2-8125a8bbc539,NA,Hitting,23360087,-14.26852495,1000503144,"Simms, Ty",4713.428765,FlyBall,72.65936,Right,41.17477434,NA,NA,NA,241.02383,35.66452,4.180356353,-24.35901822,1.93503,3.07566,0.21293,NA,NA,NA,NA,NA
195,2025-12-13,14:37:12,NA,NA,NA,NA,NA,NA,Live,NA,NA,NA,NA,NA,NA,NA,NA,NA,NA,NA,NA,NA,NA,NA,NA,NA,NA,NA,NA,NA,NA,NA,NA,NA,NA,NA,NA,NA,NA,c5b17008-bf07-4257-a4fa-64aaf53e5859,24e384c8-dc42-4bb4-a4d2-8125a8bbc539,NA,Hitting,23360087,20.05464241,1000503144,"Simms, Ty",NA,GroundBall,84.4829,Right,6.421735337,NA,NA,NA,NA,13.98459,NA,NA,NA,NA,NA,NA,NA,NA,NA,NA
196,2025-12-13,14:37:19,NA,NA,NA,NA,NA,NA,Live,NA,NA,NA,NA,NA,NA,NA,NA,NA,NA,NA,NA,NA,NA,NA,NA,NA,NA,NA,NA,NA,NA,NA,NA,NA,NA,NA,NA,NA,NA,16a4650c-034a-42ba-b3cb-e64f9cbf2ef3,24e384c8-dc42-4bb4-a4d2-8125a8bbc539,NA,Hitting,23360087,4.459136983,1000503144,"Simms, Ty",907.2300168,GroundBall,90.72709,Right,9.455548267,NA,NA,NA,172.82592,47.24561,1.535733222,0.5657963824,1.74501,2.56336,0.53403,NA,NA,NA,NA,NA
197,2025-12-13,14:37:24,NA,NA,NA,NA,NA,NA,Live,NA,NA,NA,NA,NA,NA,NA,NA,NA,NA,NA,NA,NA,NA,NA,NA,NA,NA,NA,NA,NA,NA,NA,NA,NA,NA,NA,NA,NA,NA,31094fe8-311a-4e34-91db-5b8bc03ca47e,24e384c8-dc42-4bb4-a4d2-8125a8bbc539,NA,Hitting,23360087,15.69912015,1000503144,"Simms, Ty",2870.09414,GroundBall,94.79867,Right,-4.55487776,NA,NA,NA,24.19133,22.64065,0.1668929522,15.81088558,1.96928,2.60904,0.14488,NA,NA,NA,NA,NA
198,2025-12-13,14:37:32,NA,NA,NA,NA,NA,NA,Live,NA,NA,NA,NA,NA,NA,NA,NA,NA,NA,NA,NA,NA,NA,NA,NA,NA,NA,NA,NA,NA,NA,NA,NA,NA,NA,NA,NA,NA,NA,5f746a01-83af-430e-98b2-0fe177c4fba3,24e384c8-dc42-4bb4-a4d2-8125a8bbc539,NA,Hitting,23360087,-22.01406423,1000503144,"Simms, Ty",4202.691328,FlyBall,80.37473,Right,28.56646894,NA,NA,NA,262.6747,48.16184,3.587396072,-33.05086508,1.27514,2.36143,0.0684,NA,NA,NA,NA,NA
199,2025-12-13,14:37:38,NA,NA,NA,NA,NA,NA,Live,NA,NA,NA,NA,NA,NA,NA,NA,NA,NA,NA,NA,NA,NA,NA,NA,NA,NA,NA,NA,NA,NA,NA,NA,NA,NA,NA,NA,NA,NA,c662e25f-2755-4f4e-84b0-cdfa0f7a1c86,24e384c8-dc42-4bb4-a4d2-8125a8bbc539,NA,Hitting,23360087,-9.05264502,1000503144,"Simms, Ty",3154.101987,LineDrive,87.06321,Right,21.89057572,NA,NA,NA,285.72939,47.06712,3.49168997,-19.36650738,1.41952,2.64749,0.07508,NA,NA,NA,NA,NA
200,2025-12-13,14:37:44,NA,NA,NA,NA,NA,NA,Live,NA,NA,NA,NA,NA,NA,NA,NA,NA,NA,NA,NA,NA,NA,NA,NA,NA,NA,NA,NA,NA,NA,NA,NA,NA,NA,NA,NA,NA,NA,b6696a80-727e-4b16-85bf-29ad7e395970,24e384c8-dc42-4bb4-a4d2-8125a8bbc539,NA,Hitting,23360087,-0.5077005482,1000503144,"Simms, Ty",3287.346766,FlyBall,86.13875,Right,27.4035184,NA,NA,NA,310.11445,46.04813,4.407217003,-8.633707123,1.31286,2.60651,0.30307,NA,NA,NA,NA,NA
201,2025-12-13,14:37:52,NA,NA,NA,NA,NA,NA,Live,NA,NA,NA,NA,NA,NA,NA,NA,NA,NA,NA,NA,NA,NA,NA,NA,NA,NA,NA,NA,NA,NA,NA,NA,NA,NA,NA,NA,NA,NA,f67bea1c-f336-4cbc-80dc-0449655bee9d,24e384c8-dc42-4bb4-a4d2-8125a8bbc539,NA,Hitting,23360087,1.573249937,1000503144,"Simms, Ty",3265.1549,FlyBall,88.14825,Right,28.4407918,NA,NA,NA,323.09844,46.7838,4.390902681,-7.560380975,3.12236,2.73387,0.25072,NA,NA,NA,NA,NA
202,2025-12-13,14:38:14,NA,NA,NA,NA,NA,NA,Live,NA,NA,NA,NA,NA,NA,NA,NA,NA,NA,NA,NA,NA,NA,NA,NA,NA,NA,NA,NA,NA,NA,NA,NA,NA,NA,NA,NA,NA,NA,ed2a8c22-d280-43a1-a311-e13237dbf52a,24e384c8-dc42-4bb4-a4d2-8125a8bbc539,NA,Hitting,23360087,-10.24888569,1000396324,"Reveret, Bo",1069.201109,GroundBall,96.92853,Right,10.28929017,NA,NA,NA,195.88791,46.36945,1.648994701,-11.52593332,2.20698,2.6989899999999998,0.17877,NA,NA,NA,NA,NA
203,2025-12-13,14:38:20,NA,NA,NA,NA,NA,NA,Live,NA,NA,NA,NA,NA,NA,NA,NA,NA,NA,NA,NA,NA,NA,NA,NA,NA,NA,NA,NA,NA,NA,NA,NA,NA,NA,NA,NA,NA,NA,4ea2214d-1403-4c14-bdc2-2398f855d488,24e384c8-dc42-4bb4-a4d2-8125a8bbc539,NA,Hitting,23360087,10.79746652,1000396324,"Reveret, Bo",3274.376275,LineDrive,92.57999,Right,22.61348507,NA,NA,NA,302.05225,48.05492,4.032970273,23.55366241,1.24726,2.4372,0.25868,NA,NA,NA,NA,NA
204,2025-12-13,14:38:29,NA,NA,NA,NA,NA,NA,Live,NA,NA,NA,NA,NA,NA,NA,NA,NA,NA,NA,NA,NA,NA,NA,NA,NA,NA,NA,NA,NA,NA,NA,NA,NA,NA,NA,NA,NA,NA,509be165-4bc1-4d2f-8319-adcd63179c47,24e384c8-dc42-4bb4-a4d2-8125a8bbc539,NA,Hitting,23360087,16.99403196,1000396324,"Reveret, Bo",4255.447819,FlyBall,76.96013,Right,43.87262369,NA,NA,NA,214.79281,31.58347,4.555753161,32.70742447,1.11117,2.57316,0.04291,NA,NA,NA,NA,NA
205,2025-12-13,14:38:35,NA,NA,NA,NA,NA,NA,Live,NA,NA,NA,NA,NA,NA,NA,NA,NA,NA,NA,NA,NA,NA,NA,NA,NA,NA,NA,NA,NA,NA,NA,NA,NA,NA,NA,NA,NA,NA,a1d1c410-9b22-4d17-90ca-385267adc71e,24e384c8-dc42-4bb4-a4d2-8125a8bbc539,NA,Hitting,23360087,-7.684281016,1000396324,"Reveret, Bo",1092.982025,LineDrive,98.81264,Right,16.9768244,NA,NA,NA,277.85375,47.09894,2.653248626,-15.46439214,1.73947,2.67887,0.25522,NA,NA,NA,NA,NA
206,2025-12-13,14:38:41,NA,NA,NA,NA,NA,NA,Live,NA,NA,NA,NA,NA,NA,NA,NA,NA,NA,NA,NA,NA,NA,NA,NA,NA,NA,NA,NA,NA,NA,NA,NA,NA,NA,NA,NA,NA,NA,d134d224-1eb6-498f-883c-46e5d713e113,24e384c8-dc42-4bb4-a4d2-8125a8bbc539,NA,Hitting,23360087,-20.53526219,1000396324,"Reveret, Bo",7528.86114,GroundBall,92.82717,Right,-4.732846324,NA,NA,NA,22.99048,18.28909,0.1605048515,-17.34865102,2.1423,2.48746,0.12701,NA,NA,NA,NA,NA
207,2025-12-13,14:38:48,NA,NA,NA,NA,NA,NA,Live,NA,NA,NA,NA,NA,NA,NA,NA,NA,NA,NA,NA,NA,NA,NA,NA,NA,NA,NA,NA,NA,NA,NA,NA,NA,NA,NA,NA,NA,NA,0278df3f-ca69-411d-9064-399fafd0c2f9,24e384c8-dc42-4bb4-a4d2-8125a8bbc539,NA,Hitting,23360087,-15.59854261,1000396324,"Reveret, Bo",2176.866806,GroundBall,97.12031,Right,-0.9995221326,NA,NA,NA,36.75505,37.9133,0.2545454657,-13.45206921,1.958,2.1145,0.02444,NA,NA,NA,NA,NA
208,2025-12-13,14:39:00,NA,NA,NA,NA,NA,NA,Live,NA,NA,NA,NA,NA,NA,NA,NA,NA,NA,NA,NA,NA,NA,NA,NA,NA,NA,NA,NA,NA,NA,NA,NA,NA,NA,NA,NA,NA,NA,6c1afcf1-b543-4a6c-9051-5440d06a4af5,24e384c8-dc42-4bb4-a4d2-8125a8bbc539,NA,Hitting,23360087,7.136764872,1000503153,"Hilliard, Jaidon",3901.479908,FlyBall,88.43641,Right,43.88933348,NA,NA,NA,318.20707,31.7821,5.552281317,-1.034643729,2.83845,2.73089,0.23405,NA,NA,NA,NA,NA
209,2025-12-13,14:39:06,NA,NA,NA,NA,NA,NA,Live,NA,NA,NA,NA,NA,NA,NA,NA,NA,NA,NA,NA,NA,NA,NA,NA,NA,NA,NA,NA,NA,NA,NA,NA,NA,NA,NA,NA,NA,NA,acfeb528-02f2-4c7a-af41-a1711dfc4201,24e384c8-dc42-4bb4-a4d2-8125a8bbc539,NA,Hitting,23360087,25.26972203,1000503153,"Hilliard, Jaidon",2025.324769,LineDrive,74.56328,Right,13.55877467,NA,NA,NA,170.46203,64.42043,1.844833583,20.62285878,NA,NA,NA,NA,NA,NA,NA,NA
210,2025-12-13,14:39:37,NA,NA,NA,NA,NA,NA,Live,NA,NA,NA,NA,NA,NA,NA,NA,NA,NA,NA,NA,NA,NA,NA,NA,NA,NA,NA,NA,NA,NA,NA,NA,NA,NA,NA,NA,NA,NA,ac1eb244-8c21-4f12-9f79-ea850f3c32f9,24e384c8-dc42-4bb4-a4d2-8125a8bbc539,NA,Hitting,23360087,3.135150994,1000503153,"Hilliard, Jaidon",2123.359628,LineDrive,94.1517,Right,20.36129125,NA,NA,NA,351.99462,46.90002,4.327012643,-0.3189953581,3.25137,2.84382,0.33819,NA,NA,NA,NA,NA
211,2025-12-13,14:39:57,NA,NA,NA,NA,NA,NA,Live,NA,NA,NA,NA,NA,NA,NA,NA,NA,NA,NA,NA,NA,NA,NA,NA,NA,NA,NA,NA,NA,NA,NA,NA,NA,NA,NA,NA,NA,NA,f85d4dc9-1948-48aa-b145-6067ae530e3c,24e384c8-dc42-4bb4-a4d2-8125a8bbc539,NA,Hitting,23360087,-10.26980193,1000503076,"Miner II, Scott",631.0692762,LineDrive,98.16816,Right,19.13384727,NA,NA,NA,311.90731,47.37007,3.477128743,-23.31184464,2.51444,2.50326,-0.15573,NA,NA,NA,NA,NA
212,2025-12-13,14:40:02,NA,NA,NA,NA,NA,NA,Live,NA,NA,NA,NA,NA,NA,NA,NA,NA,NA,NA,NA,NA,NA,NA,NA,NA,NA,NA,NA,NA,NA,NA,NA,NA,NA,NA,NA,NA,NA,b35c7e22-9d81-49d5-a019-29f131c4261a,24e384c8-dc42-4bb4-a4d2-8125a8bbc539,NA,Hitting,23360087,8.673730356,1000503076,"Miner II, Scott",2199.179965,LineDrive,96.90038,Right,20.57903994,NA,NA,NA,364.08299,47.95918,4.387045145,13.1953487,1.96904,2.63843,0.42182,NA,NA,NA,NA,NA
213,2025-12-13,14:40:08,NA,NA,NA,NA,NA,NA,Live,NA,NA,NA,NA,NA,NA,NA,NA,NA,NA,NA,NA,NA,NA,NA,NA,NA,NA,NA,NA,NA,NA,NA,NA,NA,NA,NA,NA,NA,NA,adc69a90-7af0-48b1-bc16-36c100825713,24e384c8-dc42-4bb4-a4d2-8125a8bbc539,NA,Hitting,23360087,-6.124632514,1000503076,"Miner II, Scott",1317.014605,GroundBall,95.211429999999993,Right,2.239274928,NA,NA,NA,54.12292,46.66981,0.3895371095,-3.859465644,3.10823,2.05143,0.1912,NA,NA,NA,NA,NA
214,2025-12-13,14:40:14,NA,NA,NA,NA,NA,NA,Live,NA,NA,NA,NA,NA,NA,NA,NA,NA,NA,NA,NA,NA,NA,NA,NA,NA,NA,NA,NA,NA,NA,NA,NA,NA,NA,NA,NA,NA,NA,748f546e-c79e-460d-9831-a7d08a9d7c66,24e384c8-dc42-4bb4-a4d2-8125a8bbc539,NA,Hitting,23360087,-1.815652725,1000503076,"Miner II, Scott",309.1438591,LineDrive,99.03325,Right,14.01127317,NA,NA,NA,239.07431,47.06536,2.077702836,-0.7383555961,2.28808,2.35543,0.24173,NA,NA,NA,NA,NA
215,2025-12-13,14:40:20,NA,NA,NA,NA,NA,NA,Live,NA,NA,NA,NA,NA,NA,NA,NA,NA,NA,NA,NA,NA,NA,NA,NA,NA,NA,NA,NA,NA,NA,NA,NA,NA,NA,NA,NA,NA,NA,f2b6ef55-f7dc-4ed9-aa0c-f4142b4d15db,24e384c8-dc42-4bb4-a4d2-8125a8bbc539,NA,Hitting,23360087,32.36841307,1000503076,"Miner II, Scott",3950.676665,FlyBall,80.0644,Right,40.05151552,NA,NA,NA,223.16038,33.92226,3.829081593,48.72209651,1.826,2.50332,0.31067,NA,NA,NA,NA,NA
216,2025-12-13,14:40:28,NA,NA,NA,NA,NA,NA,Live,NA,NA,NA,NA,NA,NA,NA,NA,NA,NA,NA,NA,NA,NA,NA,NA,NA,NA,NA,NA,NA,NA,NA,NA,NA,NA,NA,NA,NA,NA,d28c4ade-a78d-4191-9f78-35094005cb98,24e384c8-dc42-4bb4-a4d2-8125a8bbc539,NA,Hitting,23360087,37.16517679,1000503076,"Miner II, Scott",4804.791148,LineDrive,84.22766,Right,12.51249736,NA,NA,NA,180.51204,31.67224,1.768655962,33.29736255,0.68505,2.25468,0.2958,NA,NA,NA,NA,NA
217,2025-12-13,14:40:40,NA,NA,NA,NA,NA,NA,Live,NA,NA,NA,NA,NA,NA,NA,NA,NA,NA,NA,NA,NA,NA,NA,NA,NA,NA,NA,NA,NA,NA,NA,NA,NA,NA,NA,NA,NA,NA,254828ee-266d-4aa6-8f5e-7d585b5e4117,24e384c8-dc42-4bb4-a4d2-8125a8bbc539,NA,Hitting,23360087,-8.797395452,1000503076,"Miner II, Scott",1392.003309,LineDrive,92.65391,Right,22.97455596,NA,NA,NA,300.92529,46.80078,3.140784978,-8.963183462,3.39025,2.4489899999999998,0.16554,NA,NA,NA,NA,NA
218,2025-12-13,14:40:46,NA,NA,NA,NA,NA,NA,Live,NA,NA,NA,NA,NA,NA,NA,NA,NA,NA,NA,NA,NA,NA,NA,NA,NA,NA,NA,NA,NA,NA,NA,NA,NA,NA,NA,NA,NA,NA,e58651dc-ae8b-453d-9b7a-a0c0a607d7b4,24e384c8-dc42-4bb4-a4d2-8125a8bbc539,NA,Hitting,23360087,-15.12817713,1000503076,"Miner II, Scott",1049.041388,LineDrive,97.97982,Right,18.79173633,NA,NA,NA,187.41596,47.3515,1.663946323,-10.88457551,3.21323,2.8833,0.23398,NA,NA,NA,NA,NA
219,2025-12-13,14:40:57,NA,NA,NA,NA,NA,NA,Live,NA,NA,NA,NA,NA,NA,NA,NA,NA,NA,NA,NA,NA,NA,NA,NA,NA,NA,NA,NA,NA,NA,NA,NA,NA,NA,NA,NA,NA,NA,d21b067c-0b7f-4b79-9214-197aa0b81cc1,24e384c8-dc42-4bb4-a4d2-8125a8bbc539,NA,Hitting,23360087,-19.8392302,1000503142,"Anthony, Levi",1286.561422,LineDrive,103.22367,Right,20.83346413,NA,NA,NA,203.43332,49.23163,1.797972136,-15.07435213,NA,NA,NA,NA,NA,NA,NA,NA
220,2025-12-13,14:41:09,NA,NA,NA,NA,NA,NA,Live,NA,NA,NA,NA,NA,NA,NA,NA,NA,NA,NA,NA,NA,NA,NA,NA,NA,NA,NA,NA,NA,NA,NA,NA,NA,NA,NA,NA,NA,NA,b5d064b7-6632-4e6c-a1cf-5e98a256902a,24e384c8-dc42-4bb4-a4d2-8125a8bbc539,NA,Hitting,23360087,0.4464654221,1000503142,"Anthony, Levi",791.6326512,LineDrive,98.72966,Right,11.57309258,NA,NA,NA,283.64114,46.65684,2.644885612,3.584450338,1.99311,2.78741,0.32428,NA,NA,NA,NA,NA
221,2025-12-13,14:41:16,NA,NA,NA,NA,NA,NA,Live,NA,NA,NA,NA,NA,NA,NA,NA,NA,NA,NA,NA,NA,NA,NA,NA,NA,NA,NA,NA,NA,NA,NA,NA,NA,NA,NA,NA,NA,NA,6b4dfc97-532c-4d7e-841e-de3b504c2e60,24e384c8-dc42-4bb4-a4d2-8125a8bbc539,NA,Hitting,23360087,-25.97096349,1000503142,"Anthony, Levi",2462.874841,GroundBall,94.43367,Right,3.904360367,NA,NA,NA,226.64559,45.63023,2.152529866,-26.63515005,NA,NA,NA,NA,NA,NA,NA,NA
222,2025-12-13,14:41:22,NA,NA,NA,NA,NA,NA,Live,NA,NA,NA,NA,NA,NA,NA,NA,NA,NA,NA,NA,NA,NA,NA,NA,NA,NA,NA,NA,NA,NA,NA,NA,NA,NA,NA,NA,NA,NA,e667bd6b-5d4d-48fe-ad41-3c0743e6c6e9,24e384c8-dc42-4bb4-a4d2-8125a8bbc539,NA,Hitting,23360087,-23.65200749,1000503142,"Anthony, Levi",1689.314765,FlyBall,100.78159,Right,26.84254393,NA,NA,NA,306.42991,49.13649,3.070015781,-27.96229789,3.02581,2.9138,-0.24727,NA,NA,NA,NA,NA
223,2025-12-13,14:41:31,NA,NA,NA,NA,NA,NA,Live,NA,NA,NA,NA,NA,NA,NA,NA,NA,NA,NA,NA,NA,NA,NA,NA,NA,NA,NA,NA,NA,NA,NA,NA,NA,NA,NA,NA,NA,NA,3274618d-1591-403b-8db9-18e68849b3d3,24e384c8-dc42-4bb4-a4d2-8125a8bbc539,NA,Hitting,23360087,-6.822431523,1000503142,"Anthony, Levi",1555.010098,GroundBall,97.69929,Right,-0.9852010856,NA,NA,NA,48.89982,44.72252,0.3408846016,-7.158427543,2.16366,2.46982,0.31343,NA,NA,NA,NA,NA
224,2025-12-13,14:41:37,NA,NA,NA,NA,NA,NA,Live,NA,NA,NA,NA,NA,NA,NA,NA,NA,NA,NA,NA,NA,NA,NA,NA,NA,NA,NA,NA,NA,NA,NA,NA,NA,NA,NA,NA,NA,NA,e7834150-9e4a-4e55-acf3-b9788ab0cbd0,24e384c8-dc42-4bb4-a4d2-8125a8bbc539,NA,Hitting,23360087,-30.44578793,1000503142,"Anthony, Levi",8569.824006,GroundBall,89.04795,Right,2.616216393,NA,NA,NA,NA,12.47,NA,NA,NA,NA,NA,NA,NA,NA,NA,NA
225,2025-12-13,14:42:40,NA,NA,NA,NA,NA,NA,Live,NA,NA,NA,NA,NA,NA,NA,NA,NA,NA,NA,NA,NA,NA,NA,NA,NA,NA,NA,NA,NA,NA,NA,NA,NA,NA,NA,NA,NA,NA,508856b9-4626-4e3c-9961-29c98e28ad40,24e384c8-dc42-4bb4-a4d2-8125a8bbc539,NA,Hitting,23360087,-0.1646956016,1000503101,"Holmstrom, Ryder",2822.268633,LineDrive,79.89882,Right,24.81702924,NA,NA,NA,261.8979,47.07455,3.425596362,9.341547686,2.67093,2.5844,-0.10609,NA,NA,NA,NA,NA
226,2025-12-13,14:42:46,NA,NA,NA,NA,NA,NA,Live,NA,NA,NA,NA,NA,NA,NA,NA,NA,NA,NA,NA,NA,NA,NA,NA,NA,NA,NA,NA,NA,NA,NA,NA,NA,NA,NA,NA,NA,NA,b75efc1e-9d15-42ce-b47b-94846b5b9888,24e384c8-dc42-4bb4-a4d2-8125a8bbc539,NA,Hitting,23360087,-7.302671153,1000503101,"Holmstrom, Ryder",2280.187033,FlyBall,89.49822,Right,27.37573596,NA,NA,NA,334.0372,34.02039,4.853978137,-10.09692527,3.271,2.8636,0.14424,NA,NA,NA,NA,NA
227,2025-12-13,14:42:53,NA,NA,NA,NA,NA,NA,Live,NA,NA,NA,NA,NA,NA,NA,NA,NA,NA,NA,NA,NA,NA,NA,NA,NA,NA,NA,NA,NA,NA,NA,NA,NA,NA,NA,NA,NA,NA,d07a3778-4f29-4d3d-9046-71fb3f2e8980,24e384c8-dc42-4bb4-a4d2-8125a8bbc539,NA,Hitting,23360087,11.46691184,1000503101,"Holmstrom, Ryder",3831.043982,LineDrive,86.2453,Right,24.92660977,NA,NA,NA,322.41734,32.83968,4.273180878,13.71536259,2.85519,2.44333,0.08739,NA,NA,NA,NA,NA
228,2025-12-13,14:42:59,NA,NA,NA,NA,NA,NA,Live,NA,NA,NA,NA,NA,NA,NA,NA,NA,NA,NA,NA,NA,NA,NA,NA,NA,NA,NA,NA,NA,NA,NA,NA,NA,NA,NA,NA,NA,NA,90cf8f6a-2c1c-4edd-8f71-28c4728dc8cb,24e384c8-dc42-4bb4-a4d2-8125a8bbc539,NA,Hitting,23360087,-9.38369111,1000503101,"Holmstrom, Ryder",944.093433,LineDrive,93.93635,Right,15.71230243,NA,NA,NA,315.10164,36.64024,3.813509356,-2.266201796,NA,NA,NA,NA,NA,NA,NA,NA
229,2025-12-13,14:43:05,NA,NA,NA,NA,NA,NA,Live,NA,NA,NA,NA,NA,NA,NA,NA,NA,NA,NA,NA,NA,NA,NA,NA,NA,NA,NA,NA,NA,NA,NA,NA,NA,NA,NA,NA,NA,NA,c9dcc7ff-3112-452d-905d-a95e56e619cf,24e384c8-dc42-4bb4-a4d2-8125a8bbc539,NA,Hitting,23360087,-22.27231453,1000503101,"Holmstrom, Ryder",3319.339751,GroundBall,74.03744,Right,-2.985435776,NA,NA,NA,31.95718,17.34027,0.2763924754,-18.45235284,NA,NA,NA,NA,NA,NA,NA,NA
230,2025-12-13,14:43:12,NA,NA,NA,NA,NA,NA,Live,NA,NA,NA,NA,NA,NA,NA,NA,NA,NA,NA,NA,NA,NA,NA,NA,NA,NA,NA,NA,NA,NA,NA,NA,NA,NA,NA,NA,NA,NA,a72aaa30-7c4b-4814-89ee-273d4ee911d9,24e384c8-dc42-4bb4-a4d2-8125a8bbc539,NA,Hitting,23360087,-8.734608081,1000503101,"Holmstrom, Ryder",732.1647972,LineDrive,94.11948,Right,14.72471884,NA,NA,NA,309.81315,37.60849,3.467735229,-16.38721335,3.13499,2.67758,-0.16121,NA,NA,NA,NA,NA
231,2025-12-13,14:43:19,NA,NA,NA,NA,NA,NA,Live,NA,NA,NA,NA,NA,NA,NA,NA,NA,NA,NA,NA,NA,NA,NA,NA,NA,NA,NA,NA,NA,NA,NA,NA,NA,NA,NA,NA,NA,NA,8bfb8e46-cbbe-46e3-8821-8e32c7a6fc9a,24e384c8-dc42-4bb4-a4d2-8125a8bbc539,NA,Hitting,23360087,7.603806961,1000503101,"Holmstrom, Ryder",3036.476557,FlyBall,85.47561,Right,25.8818933,NA,NA,NA,320.66355,33.56279,4.403368912,8.393649033,3.07155,2.49863,0.12963,NA,NA,NA,NA,NA
232,2025-12-13,14:43:26,NA,NA,NA,NA,NA,NA,Live,NA,NA,NA,NA,NA,NA,NA,NA,NA,NA,NA,NA,NA,NA,NA,NA,NA,NA,NA,NA,NA,NA,NA,NA,NA,NA,NA,NA,NA,NA,2a5ba199-44c7-4a89-94f4-3adf451c989b,24e384c8-dc42-4bb4-a4d2-8125a8bbc539,NA,Hitting,23360087,-8.92139826,1000503101,"Holmstrom, Ryder",1432.961971,LineDrive,92.24433,Right,19.81882326,NA,NA,NA,312.168,36.78335,3.346004287,-12.76799324,3.22454,3.07061,-0.16247,NA,NA,NA,NA,NA
233,2025-12-13,14:43:38,NA,NA,NA,NA,NA,NA,Live,NA,NA,NA,NA,NA,NA,NA,NA,NA,NA,NA,NA,NA,NA,NA,NA,NA,NA,NA,NA,NA,NA,NA,NA,NA,NA,NA,NA,NA,NA,4e76685f-6069-4aad-af02-150a6bce2fad,24e384c8-dc42-4bb4-a4d2-8125a8bbc539,NA,Hitting,23360087,-14.44907486,1000503144,"Simms, Ty",4517.263133,FlyBall,79.953,Right,33.72884372,NA,NA,NA,284.56679,52.93136,4.774558831,-16.90656081,NA,NA,NA,NA,NA,NA,NA,NA
234,2025-12-13,14:43:44,NA,NA,NA,NA,NA,NA,Live,NA,NA,NA,NA,NA,NA,NA,NA,NA,NA,NA,NA,NA,NA,NA,NA,NA,NA,NA,NA,NA,NA,NA,NA,NA,NA,NA,NA,NA,NA,b90412b6-b65d-413c-aecd-ee4a2819c10d,24e384c8-dc42-4bb4-a4d2-8125a8bbc539,NA,Hitting,23360087,-4.032735642,1000503144,"Simms, Ty",3794.551534,FlyBall,84.29334,Right,28.8326523,NA,NA,NA,283.67342,46.55784,4.314504789,-14.83071359,2.0375,2.7758,0.3512,NA,NA,NA,NA,NA
235,2025-12-13,14:43:50,NA,NA,NA,NA,NA,NA,Live,NA,NA,NA,NA,NA,NA,NA,NA,NA,NA,NA,NA,NA,NA,NA,NA,NA,NA,NA,NA,NA,NA,NA,NA,NA,NA,NA,NA,NA,NA,07bf6c7d-15b4-46eb-812f-c1c1e1d0998c,24e384c8-dc42-4bb4-a4d2-8125a8bbc539,NA,Hitting,23360087,18.42336921,1000503144,"Simms, Ty",1328.936221,GroundBall,97.02629,Right,-4.889981507,NA,NA,NA,28.87005,22.98481,0.1896853633,17.94291716,NA,NA,NA,NA,NA,NA,NA,NA
236,2025-12-13,14:43:56,NA,NA,NA,NA,NA,NA,Live,NA,NA,NA,NA,NA,NA,NA,NA,NA,NA,NA,NA,NA,NA,NA,NA,NA,NA,NA,NA,NA,NA,NA,NA,NA,NA,NA,NA,NA,NA,9c393f34-ee49-42ee-a8c4-625340603ba9,24e384c8-dc42-4bb4-a4d2-8125a8bbc539,NA,Hitting,23360087,13.72071449,1000503144,"Simms, Ty",929.5623012,GroundBall,95.34852,Right,7.214552933,NA,NA,NA,102.23748,47.22568,0.7906210547,12.60719864,2.93548,2.82841,0.46351,NA,NA,NA,NA,NA
237,2025-12-13,14:44:02,NA,NA,NA,NA,NA,NA,Live,NA,NA,NA,NA,NA,NA,NA,NA,NA,NA,NA,NA,NA,NA,NA,NA,NA,NA,NA,NA,NA,NA,NA,NA,NA,NA,NA,NA,NA,NA,b93c521f-40f1-4012-8149-ce10225cd50e,24e384c8-dc42-4bb4-a4d2-8125a8bbc539,NA,Hitting,23360087,6.037612445,1000503144,"Simms, Ty",878.9749518,LineDrive,94.66142,Right,13.6454554,NA,NA,NA,161.86844,47.06475,1.423139595,12.31712354,2.0692,2.28946,0.31356,NA,NA,NA,NA,NA
238,2025-12-13,14:44:09,NA,NA,NA,NA,NA,NA,Live,NA,NA,NA,NA,NA,NA,NA,NA,NA,NA,NA,NA,NA,NA,NA,NA,NA,NA,NA,NA,NA,NA,NA,NA,NA,NA,NA,NA,NA,NA,b9a9561b-aacf-479f-bd47-3975bb0eed55,24e384c8-dc42-4bb4-a4d2-8125a8bbc539,NA,Hitting,23360087,14.58198388,1000503144,"Simms, Ty",2314.818032,LineDrive,90.60173,Right,24.09237906,NA,NA,NA,332.18997,47.94416,4.665726788,12.72909046,2.55027,2.43391,0.04813,NA,NA,NA,NA,NA
239,2025-12-13,14:44:17,NA,NA,NA,NA,NA,NA,Live,NA,NA,NA,NA,NA,NA,NA,NA,NA,NA,NA,NA,NA,NA,NA,NA,NA,NA,NA,NA,NA,NA,NA,NA,NA,NA,NA,NA,NA,NA,32b00670-f751-4855-8733-c55aebbfb97b,24e384c8-dc42-4bb4-a4d2-8125a8bbc539,NA,Hitting,23360087,-8.984290528,1000503144,"Simms, Ty",4572.673383,FlyBall,78.34878,Right,37.54600418,NA,NA,NA,267.80978,41.52264,4.378010923,-20.09255633,2.12797,2.72351,0.34856,NA,NA,NA,NA,NA
240,2025-12-13,14:44:26,NA,NA,NA,NA,NA,NA,Live,NA,NA,NA,NA,NA,NA,NA,NA,NA,NA,NA,NA,NA,NA,NA,NA,NA,NA,NA,NA,NA,NA,NA,NA,NA,NA,NA,NA,NA,NA,f923c5d8-3970-448d-b72f-5ec1937aaa87,24e384c8-dc42-4bb4-a4d2-8125a8bbc539,NA,Hitting,23360087,-2.921546045,1000503144,"Simms, Ty",2213.192066,LineDrive,95.47088,Right,15.30992096,NA,NA,NA,299.04702,47.08674,3.086415467,-10.28553616,1.78321,2.79619,-0.04254,NA,NA,NA,NA,NA
241,2025-12-13,14:44:31,NA,NA,NA,NA,NA,NA,Live,NA,NA,NA,NA,NA,NA,NA,NA,NA,NA,NA,NA,NA,NA,NA,NA,NA,NA,NA,NA,NA,NA,NA,NA,NA,NA,NA,NA,NA,NA,715e25b1-2d85-457e-ae06-5999aef9754e,24e384c8-dc42-4bb4-a4d2-8125a8bbc539,NA,Hitting,23360087,14.8183003,1000503144,"Simms, Ty",3170.305277,FlyBall,91.1557,Right,32.66115173,NA,NA,NA,330.99848,50.76463,5.324861816,19.93812837,2.83596,2.86963,0.39041,NA,NA,NA,NA,NA
